ID0,ID1,Priority,Provenance,alpha,delta,X,Y,PA,Type,Catalog M,Catalog C,Catalog U,Catalog NGC,Catalog IC,Catalog Mel,Catalog Cr,Name,Notes
C,1,0,SIMBAD,11.798,85.244,32.6,32.6,0,OpCl,,1,,188,,2,,,
C,1,1,DSC:TCO,,,,,,OC,,,,,,,,,
C,1,2,,,,,,,,,,,,,,,,
C,1,3,,,,,,,,,,,,,,,,
C,1,4,,,,,,,,,,,,,,,,
C,1,5,,,,,,,,,,,,,,,,
C,2,0,SIMBAD,3.254,72.522,0.6,0.6,90,PN,,2,,40,,,,,
C,2,1,DSC:TCO,,,,,,PN,,,,,,,,,
C,2,2,,,,,,,,,,,,,,,,
C,2,3,,,,,,,,,,,,,,,,
C,2,4,,,,,,,,,,,,,,,,
C,2,5,,,,,,,,,,,,,,,,
C,3,0,SIMBAD,184.175,69.463,20.9,6.2,162,GinGroup,,3,,4236,,,,,
C,3,1,DSC:TCO,,,,,,GAL,,,,,,,,,
C,3,2,,,,,,,,,,,,,,,,
C,3,3,,,,,,,,,,,,,,,,
C,3,4,,,,,,,,,,,,,,,,
C,3,5,,,,,,,,,,,,,,,,
C,4,0,SIMBAD,315.404,68.163,~,~,~,RfNeb,,4,,7023,,,,,
C,4,1,DSC:TCO,,,10,8,,OC,,,,,,,,,
C,4,2,,,,,,,,,,,,,,,,
C,4,3,,,,,,,,,,,,,,,,
C,4,4,,,,,,,,,,,,,,,,
C,4,5,,,,,,,,,,,,,,,,
C,5,0,SIMBAD,56.702,68.096,21.9,20.9,~,StarburstG,,5,,,342,,,,
C,5,1,DSC:TCO,,,,,,GAL,,,,,,,,,
C,5,2,NED,,,,,-27.5,,,,,,,,,,
C,5,3,,,,,,,,,,,,,,,,
C,5,4,,,,,,,,,,,,,,,,
C,5,5,,,,,,,,,,,,,,,,
C,6,0,SIMBAD,269.639,66.633,0.6,0.5,10,PN,,6,,6543,,,,,
C,6,1,DSC:TCO,,,,,,PN,,,,,,,,,
C,6,2,,,,,,,,,,,,,,,,
C,6,3,,,,,,,,,,,,,,,,
C,6,4,,,,,,,,,,,,,,,,
C,6,5,,,,,,,,,,,,,,,,
C,7,0,SIMBAD,114.214,65.603,21.4,10.7,126,AGN,,7,,2403,,,,,
C,7,1,DSC:TCO,,,,,,GAL,,,,,,,,,
C,7,2,,,,,,,,,,,,,,,,
C,7,3,,,,,,,,,,,,,,,,
C,7,4,,,,,,,,,,,,,,,,
C,7,5,,,,,,,,,,,,,,,,
C,8,0,SIMBAD,22.387,63.301,9.7,9.7,0,OpCl,,8,,559,,,,,
C,8,1,DSC:TCO,,,,,,OC,,,,,,,,,
C,8,2,,,,,,,,,,,,,,,,
C,8,3,,,,,,,,,,,,,,,,
C,8,4,,,,,,,,,,,,,,,,
C,8,5,,,,,,,,,,,,,,,,
C,9,0,SIMBAD,344.275,62.636,5.3,3.6,90,HII,,9,,,,,,,
C,9,1,DSC:TCO,,,50,30,,BN,,,,,,,,,
C,9,2,,,,,,,,,,,,,,,,
C,9,3,,,,,,,,,,,,,,,,
C,9,4,,,,,,,,,,,,,,,,
C,9,5,,,,,,,,,,,,,,,,
C,10,0,SIMBAD,26.586,61.212,18,18,0,OpCl,,10,,663,,,,,
C,10,1,DSC:TCO,,,,,,OC,,,,,,,,,
C,10,2,AL:UOP,,,,,,,,,5,,,,,,
C,10,3,,,,,,,,,,,,,,,,
C,10,4,,,,,,,,,,,,,,,,
C,10,5,,,,,,,,,,,,,,,,
C,11,0,SIMBAD,350.201,61.202,~,~,~,HII,,11,,7635,,,,,
C,11,1,DSC:TCO,,,15,8,,BN,,,,,,,,,
C,11,2,,,,,,,,,,,,,,,,
C,11,3,,,,,,,,,,,,,,,,
C,11,4,,,,,,,,,,,,,,,,
C,11,5,,,,,,,,,,,,,,,,
C,12,0,SIMBAD,308.718,60.154,11.5,10.7,~,HII_G,,12,,6946,,,,,
C,12,1,DSC:TCO,,,,,,GAL,,,,,,,,,
C,12,2,NED,,,,,52,,,,,,,,,,
C,12,3,,,,,,,,,,,,,,,,
C,12,4,,,,,,,,,,,,,,,,
C,12,5,,,,,,,,,,,,,,,,
C,13,0,SIMBAD,19.887,58.278,15,15,0,OpCl,,13,,457,,,,,
C,13,1,DSC:TCO,,,,,,OC,,,,,,,,,
C,13,2,AL:UOP,,,,,,,,,4,,,,,,
C,13,3,,,,,,,,,,,,,,,,
C,13,4,,,,,,,,,,,,,,,,
C,13,5,,,,,,,,,,,,,,,,
C,14,0,SIMBAD,35.13,57.13,~,~,~,OpCl,,14,,,,,,,
C,14,1,DSC:TCO,,,,,,FC,,,,869/884,,,,,
C,14,2,AL:UOP,,,0,0,0,,,,9/10,,,,,,
C,14,3,,,,,,,,,,,,,,,,
C,14,4,,,,,,,,,,,,,,,,
C,14,5,,,,,,,,,,,,,,,,
C,15,0,SIMBAD,296.201,50.525,0.7,0.6,90,PN,,15,,6826,,,,,
C,15,1,DSC:TCO,,,,,,PN,,,,,,,,,
C,15,2,,,,,,,,,,,,,,,,
C,15,3,,,,,,,,,,,,,,,,
C,15,4,,,,,,,,,,,,,,,,
C,15,5,,,,,,,,,,,,,,,,
C,16,0,SIMBAD,333.788,49.83,30.6,30.6,0,OpCl,,16,,7243,,,,,
C,16,1,DSC:TCO,,,,,,OC,,,,,,,,,
C,16,2,,,,,,,,,,,,,,,,
C,16,3,,,,,,,,,,,,,,,,
C,16,4,,,,,,,,,,,,,,,,
C,16,5,,,,,,,,,,,,,,,,
C,17,0,SIMBAD,8.301,48.509,12.6,7.1,25,GinGroup,,17,,147,,,,,
C,17,1,DSC:TCO,,,,,,GAL,,,,,,,,,
C,17,2,,,,,,,,,,,,,,,,
C,17,3,,,,,,,,,,,,,,,,
C,17,4,,,,,,,,,,,,,,,,
C,17,5,,,,,,,,,,,,,,,,
C,18,0,SIMBAD,9.741,48.338,11.5,9.6,35,Seyfert_2,,18,,185,,,,,
C,18,1,DSC:TCO,,,,,,GAL,,,,,,,,,
C,18,2,,,,,,,,,,,,,,,,
C,18,3,,,,,,,,,,,,,,,,
C,18,4,,,,,,,,,,,,,,,,
C,18,5,,,,,,,,,,,,,,,,
C,19,0,SIMBAD,328.372,47.246,8.2,8.2,0,OpCl,,19,,,5146,,470,,
C,19,1,DSC:TCO,,,,,,OC,,,,,,,,,
C,19,2,,,,,,,,,,,,,,,,
C,19,3,,,,,,,,,,,,,,,,
C,19,4,,,,,,,,,,,,,,,,
C,19,5,,,,,,,,,,,,,,,,
C,20,0,SIMBAD,314.696,44.33,~,~,~,HII,,20,,7000,,,,,
C,20,1,DSC:TCO,,,100,60,,BN,,,,,,,,,
C,20,2,,,,,,,,,,,,,,,,
C,20,3,,,,,,,,,,,,,,,,
C,20,4,,,,,,,,,,,,,,,,
C,20,5,,,,,,,,,,,,,,,,
C,21,0,SIMBAD,187.046,44.094,5.3,3.3,46,EmG,,21,,4449,,,,,
C,21,1,DSC:TCO,,,,,,GAL,,,,,,,,,
C,21,2,,,,,,,,,,,,,,,,
C,21,3,,,,,,,,,,,,,,,,
C,21,4,,,,,,,,,,,,,,,,
C,21,5,,,,,,,,,,,,,,,,
C,22,0,SIMBAD,351.473,42.535,0.3,0.3,90,PN,,22,,7662,,,,,
C,22,1,DSC:TCO,,,,,,PN,,,,,,,,,
C,22,2,,,,,,,,,,,,,,,,
C,22,3,,,,,,,,,,,,,,,,
C,22,4,,,,,,,,,,,,,,,,
C,22,5,,,,,,,,,,,,,,,,
C,23,0,SIMBAD,35.637,42.348,12.3,2.5,22,HII_G,,23,,891,,,,,
C,23,1,DSC:TCO,,,,,,GAL,,,,,,,,,
C,23,2,,,,,,,,,,,,,,,,
C,23,3,,,,,,,,,,,,,,,,
C,23,4,,,,,,,,,,,,,,,,
C,23,5,,,,,,,,,,,,,,,,
C,24,0,SIMBAD,49.951,41.512,2.6,1.8,110,Seyfert_2,,24,,1275,,,,,
C,24,1,DSC:TCO,,,,,,GAL,,,,,,,,,
C,24,2,,,,,,,,,,,,,,,,
C,24,3,,,,,,,,,,,,,,,,
C,24,4,,,,,,,,,,,,,,,,
C,24,5,,,,,,,,,,,,,,,,
C,25,0,SIMBAD,114.535,38.882,1.5,1.5,0,GlCl,,25,,2419,,,,,
C,25,1,DSC:TCO,,,,,,GC,,,,,,,,,
C,25,2,,,,,,,,,,,,,,,,
C,25,3,,,,,,,,,,,,,,,,
C,25,4,,,,,,,,,,,,,,,,
C,25,5,,,,,,,,,,,,,,,,
C,26,0,SIMBAD,184.374,37.807,15.9,6.3,41,GinGroup,,26,,4244,,,,,
C,26,1,DSC:TCO,,,,,,GAL,,,,,,,,,
C,26,2,,,,,,,,,,,,,,,,
C,26,3,,,,,,,,,,,,,,,,
C,26,4,,,,,,,,,,,,,,,,
C,26,5,,,,,,,,,,,,,,,,
C,27,0,SIMBAD,303.029,38.355,~,~,~,ISM,,27,,6888,,,,,
C,27,1,DSC:TCO,,,18,13,,BN,,,,,,,,,
C,27,2,,,,,,,,,,,,,,,,
C,27,3,,,,,,,,,,,,,,,,
C,27,4,,,,,,,,,,,,,,,,
C,27,5,,,,,,,,,,,,,,,,
C,28,0,SIMBAD,29.223,37.794,58.2,58.2,0,OpCl,,28,,752,,12,,,
C,28,1,DSC:TCO,,,,,,OC,,,,,,,,,
C,28,2,AL:UOP,,,,,,,,,7,,,,,,
C,28,3,,,,,,,,,,,,,,,,
C,28,4,,,,,,,,,,,,,,,,
C,28,5,,,,,,,,,,,,,,,,
C,29,0,SIMBAD,197.735,37.059,5.5,2.1,74,GinPair,,29,,5005,,,,,
C,29,1,DSC:TCO,,,,,,GAL,,,,,,,,,
C,29,2,,,,,,,,,,,,,,,,
C,29,3,,,,,,,,,,,,,,,,
C,29,4,,,,,,,,,,,,,,,,
C,29,5,,,,,,,,,,,,,,,,
C,30,0,SIMBAD,339.267,34.416,10.5,4.2,171,LINER,,30,,7331,,,,,
C,30,1,DSC:TCO,,,,,,GAL,,,,,,,,,
C,30,2,,,,,,,,,,,,,,,,
C,30,3,,,,,,,,,,,,,,,,
C,30,4,,,,,,,,,,,,,,,,
C,30,5,,,,,,,,,,,,,,,,
C,31,0,SIMBAD,79.35,34.38,~,~,~,Radio,,31,,,405,,,,
C,31,1,DSC:TCO,,,30,20,,BN,,,,,,,,,
C,31,2,,,,,,,,,,,,,,,,
C,31,3,,,,,,,,,,,,,,,,
C,31,4,,,,,,,,,,,,,,,,
C,31,5,,,,,,,,,,,,,,,,
C,32,0,SIMBAD,190.533,32.542,13.5,2.5,86,GinPair,,32,,4631,,,,,
C,32,1,DSC:TCO,,,,,,GAL,,,,,,,,,
C,32,2,,,,,,,,,,,,,,,,
C,32,3,,,,,,,,,,,,,,,,
C,32,4,,,,,,,,,,,,,,,,
C,32,5,,,,,,,,,,,,,,,,
C,33,0,SIMBAD,314.079,31.743,~,~,~,HIshell,,33,,6992,,,,,
C,33,1,DSC:TCO,,,60,8,,BN,,,,,,,,,
C,33,2,,,,,,,,,,,,,,,,
C,33,3,,,,,,,,,,,,,,,,
C,33,4,,,,,,,,,,,,,,,,
C,33,5,,,,,,,,,,,,,,,,
C,34,0,SIMBAD,311.408,30.708,~,~,~,ISM,,34,,6960,,,,,
C,34,1,DSC:TCO,,,70,6,,BN,,,,,,,,,
C,34,2,,,,,,,,,,,,,,,,
C,34,3,,,,,,,,,,,,,,,,
C,34,4,,,,,,,,,,,,,,,,
C,34,5,,,,,,,,,,,,,,,,
C,35,0,SIMBAD,195.034,27.977,1.7,1.1,80,EmG,,35,,4889/4884,,,,,
C,35,1,DSC:TCO,,,,,,GAL,,,,4889,,,,,
C,35,2,,,,,,,,,,,,,,,,
C,35,3,,,,,,,,,,,,,,,,
C,35,4,,,,,,,,,,,,,,,,
C,35,5,,,,,,,,,,,,,,,,
C,36,0,SIMBAD,188.99,27.96,10.2,4.4,150,HII_G,,36,,4559,,,,,
C,36,1,DSC:TCO,,,,,,GAL,,,,,,,,,
C,36,2,,,,,,,,,,,,,,,,
C,36,3,,,,,,,,,,,,,,,,
C,36,4,,,,,,,,,,,,,,,,
C,36,5,,,,,,,,,,,,,,,,
C,37,0,SIMBAD,303.004,26.478,~,~,~,OpCl,,37,,6885,,,,,
C,37,1,DSC:TCO,,,20,,,OC,,,,,,,,,
C,37,2,,,,,,,,,,,,,,,,
C,37,3,,,,,,,,,,,,,,,,
C,37,4,,,,,,,,,,,,,,,,
C,37,5,,,,,,,,,,,,,,,,
C,38,0,SIMBAD,189.087,25.987,13.8,2.2,135,LINER,,38,,4565,,,,,
C,38,1,DSC:TCO,,,,,,GAL,,,,,,,,,
C,38,2,,,,,,,,,,,,,,,,
C,38,3,,,,,,,,,,,,,,,,
C,38,4,,,,,,,,,,,,,,,,
C,38,5,,,,,,,,,,,,,,,,
C,39,0,SIMBAD,112.295,20.912,0.7,0.7,90,PN,,39,,2392,,,,,
C,39,1,DSC:TCO,,,,,,PN,,,,,,,,,
C,39,2,AL:UOP,,,,,,,,,36,,,,,,
C,39,3,,,,,,,,,,,,,,,,
C,39,4,,,,,,,,,,,,,,,,
C,39,5,,,,,,,,,,,,,,,,
C,40,0,SIMBAD,170.016,18.357,1.7,1.3,155,GinGroup,,40,,3626/3632,,,,,
C,40,1,DSC:TCO,,,,,,GAL,,,,3626,,,,,
C,40,2,,,,,,,,,,,,,,,,
C,40,3,,,,,,,,,,,,,,,,
C,40,4,,,,,,,,,,,,,,,,
C,40,5,,,,,,,,,,,,,,,,
C,41,0,SIMBAD,66.725,15.867,~,~,~,OpCl,,41,,,,25,50,,
C,41,1,DSC:TCO,,,330,,,OC,,,,,,,,,
C,41,2,AL:UOP,,,,,,,,,18,,,,,,
C,41,3,,,,,,,,,,,,,,,,
C,41,4,,,,,,,,,,,,,,,,
C,41,5,,,,,,,,,,,,,,,,
C,42,0,SIMBAD,315.373,16.188,1.1,1,85,GlCl,,42,,7006,,,,,
C,42,1,DSC:TCO,,,,,,GC,,,,,,,,,
C,42,2,,,,,,,,,,,,,,,,
C,42,3,,,,,,,,,,,,,,,,
C,42,4,,,,,,,,,,,,,,,,
C,42,5,,,,,,,,,,,,,,,,
C,43,0,SIMBAD,0.812,16.145,5,2.2,134,GinGroup,,43,,7814,,,,,
C,43,1,DSC:TCO,,,,,,GAL,,,,,,,,,
C,43,2,,,,,,,,,,,,,,,,
C,43,3,,,,,,,,,,,,,,,,
C,43,4,,,,,,,,,,,,,,,,
C,43,5,,,,,,,,,,,,,,,,
C,44,0,SIMBAD,346.236,12.323,2.5,1,15,Seyfert_2,,44,,7479,,,,,
C,44,1,DSC:TCO,,,,,,GAL,,,,,,,,,
C,44,2,,,,,,,,,,,,,,,,
C,44,3,,,,,,,,,,,,,,,,
C,44,4,,,,,,,,,,,,,,,,
C,44,5,,,,,,,,,,,,,,,,
C,45,0,SIMBAD,204.383,8.885,4.9,3.1,125,GinGroup,,45,,5248,,,,,
C,45,1,DSC:TCO,,,,,,GAL,,,,,,,,,
C,45,2,,,,,,,,,,,,,,,,
C,45,3,,,,,,,,,,,,,,,,
C,45,4,,,,,,,,,,,,,,,,
C,45,5,,,,,,,,,,,,,,,,
C,46,0,SIMBAD,99.791,8.736,~,~,~,Ae*,,46,,2261,,,,,
C,46,1,DSC:TCO,,,4,2,,BN,,,,,,,,,
C,46,2,,,,,,,,,,,,,,,,
C,46,3,,,,,,,,,,,,,,,,
C,46,4,,,,,,,,,,,,,,,,
C,46,5,,,,,,,,,,,,,,,,
C,47,0,SIMBAD,308.547,7.404,1.2,1.2,0,GlCl,,47,,6934,,,,,
C,47,1,DSC:TCO,,,,,,GC,,,,,,,,,
C,47,2,,,,,,,,,,,,,,,,
C,47,3,,,,,,,,,,,,,,,,
C,47,4,,,,,,,,,,,,,,,,
C,47,5,,,,,,,,,,,,,,,,
C,48,0,SIMBAD,137.584,7.038,2.5,1.9,160,Galaxy,,48,,2775,,,,,
C,48,1,SIMBAD,,,,,,GAL,,,,,,,,,
C,48,2,,,,,,,,,,,,,,,,
C,48,3,,,,,,,,,,,,,,,,
C,48,4,,,,,,,,,,,,,,,,
C,48,5,,,,,,,,,,,,,,,,
C,49,0,SIMBAD,97.65,4.981,~,~,~,Cl*,,49,,2237,,,,,
C,49,1,DSC:TCO,,,80,60,,BN,,,,2237/38/46,,,,,
C,49,2,,,,,,,,,,,,,,,,
C,49,3,,,,,,,,,,,,,,,,
C,49,4,,,,,,,,,,,,,,,,
C,49,5,,,,,,,,,,,,,,,,
C,50,0,SIMBAD,98.045,4.914,27.8,27.8,0,OpCl,,50,,2244/ 2239,,,,,
C,50,1,DSC:TCO,,,,,,OC,,,,2244,,,,,
C,50,2,AL:UOP,,,,,,,,,30,,,,,,
C,50,3,,,,,,,,,,,,,,,,
C,50,4,,,,,,,,,,,,,,,,
C,50,5,,,,,,,,,,,,,,,,
C,51,0,SIMBAD,16.226,2.133,16.2,14.5,50,GinCl,,51,,,1613,,,,
C,51,1,DSC:TCO,,,,,,GAL,,,,,,,,,
C,51,2,,,,,,,,,,,,,,,,
C,51,3,,,,,,,,,,,,,,,,
C,51,4,,,,,,,,,,,,,,,,
C,51,5,,,,,,,,,,,,,,,,
C,52,0,SIMBAD,192.15,-5.801,6.2,4,86,GinGroup,,52,,4697,,,,,
C,52,1,DSC:TCO,,,,,,GAL,,,,,,,,,
C,52,2,,,,,,,,,,,,,,,,
C,52,3,,,,,,,,,,,,,,,,
C,52,4,,,,,,,,,,,,,,,,
C,52,5,,,,,,,,,,,,,,,,
C,53,0,SIMBAD,151.308,-7.719,7.8,4,15,GinGroup,,53,,3115,,,,,
C,53,1,DSC:TCO,,,,,,GAL,,,,,,,,,
C,53,2,,,,,,,,,,,,,,,,
C,53,3,,,,,,,,,,,,,,,,
C,53,4,,,,,,,,,,,,,,,,
C,53,5,,,,,,,,,,,,,,,,
C,54,0,SIMBAD,120.01,-10.773,10.6,10.6,0,OpCl,,54,,2506,,80,170,,
C,54,1,DSC:TCO,,,,,,OC,,,,,,,,,
C,54,2,,,,,,,,,,,,,,,,
C,54,3,,,,,,,,,,,,,,,,
C,54,4,,,,,,,,,,,,,,,,
C,54,5,,,,,,,,,,,,,,,,
C,55,0,SIMBAD,316.045,-11.363,0.7,0.5,70,PN,,55,,7009,,,,,
C,55,1,DSC:TCO,,,,,,PN,,,,,,,,,
C,55,2,,,,,,,,,,,,,,,,
C,55,3,,,,,,,,,,,,,,,,
C,55,4,,,,,,,,,,,,,,,,
C,55,5,,,,,,,,,,,,,,,,
C,56,0,SIMBAD,11.764,-11.872,3.7,3.7,90,PN,,56,,246,,,,,
C,56,1,DSC:TCO,,,,,,PN,,,,,,,,,
C,56,2,,,,,,,,,,,,,,,,
C,56,3,,,,,,,,,,,,,,,,
C,56,4,,,,,,,,,,,,,,,,
C,56,5,,,,,,,,,,,,,,,,
C,57,0,SIMBAD,296.234,-14.798,13.8,12.9,~,Galaxy,,57,,6822,4895,,,,
C,57,1,DSC:TCO,,,,,,GAL,,,,,,,,,
C,57,2,NED,,,,,27.5,,,,,,,,,,
C,57,3,,,,,,,,,,,,,,,,
C,57,4,,,,,,,,,,,,,,,,
C,57,5,,,,,,,,,,,,,,,,
C,58,0,SIMBAD,109.443,-15.631,18.5,18.5,0,OpCl,,58,,2360,,64,,,
C,58,1,DSC:TCO,,,,,,OC,,,,,,,,,
C,58,2,,,,,,,,,,,,,,,,
C,58,3,,,,,,,,,,,,,,,,
C,58,4,,,,,,,,,,,,,,,,
C,58,5,,,,,,,,,,,,,,,,
C,59,0,SIMBAD,156.192,-18.642,0.6,0.6,90,PN,,59,,3242,,,,,
C,59,1,DSC:TCO,,,,,,PN,,,,,,,,,
C,59,2,AL:UOP,,,,,,,,,43,,,,,,
C,59,3,,,,,,,,,,,,,,,,
C,59,4,,,,,,,,,,,,,,,,
C,59,5,,,,,,,,,,,,,,,,
C,60,0,SIMBAD,180.471,-18.868,5.2,3.1,80,GinPair,,60,,4038,,,,,
C,60,1,DSC:TCO,,,,,,GAL,,,,,,,,,
C,60,2,,,,,,,,,,,,,,,,
C,60,3,,,,,,,,,,,,,,,,
C,60,4,,,,,,,,,,,,,,,,
C,60,5,,,,,,,,,,,,,,,,
C,61,0,SIMBAD,180.474,-18.885,3.1,1.6,50,GinPair,,61,,4039,,,,,
C,61,1,DSC:TCO,,,,,,GAL,,,,,,,,,
C,61,2,,,,,,,,,,,,,,,,
C,61,3,,,,,,,,,,,,,,,,
C,61,4,,,,,,,,,,,,,,,,
C,61,5,,,,,,,,,,,,,,,,
C,62,0,SIMBAD,11.786,-20.76,20.4,5.1,165,LSB_G,,62,,247,,,,,
C,62,1,DSC:TCO,,,,,,GAL,,,,,,,,,
C,62,2,,,,,,,,,,,,,,,,
C,62,3,,,,,,,,,,,,,,,,
C,62,4,,,,,,,,,,,,,,,,
C,62,5,,,,,,,,,,,,,,,,
C,63,0,SIMBAD,337.411,-20.837,13.4,13.4,90,PN,,63,,7293,,,,,
C,63,1,DSC:TCO,,,,,,PN,,,,,,,,,
C,63,2,,,,,,,,,,,,,,,,
C,63,3,,,,,,,,,,,,,,,,
C,63,4,,,,,,,,,,,,,,,,
C,63,5,,,,,,,,,,,,,,,,
C,64,0,SIMBAD,109.671,-24.954,6.2,6.2,0,OpCl,,64,,2362,,,,,
C,64,1,DSC:TCO,,,,,,OC,,,,,,,,,
C,64,2,,,,,,,,,,,,,,,,
C,64,3,,,,,,,,,,,,,,,,
C,64,4,,,,,,,,,,,,,,,,
C,64,5,,,,,,,,,,,,,,,,
C,65,0,SIMBAD,11.888,-25.289,28.8,5.9,53,Seyfert,,65,,253,,,,,
C,65,1,DSC:TCO,,,,,,GAL,,,,,,,,,
C,65,2,,,,,,,,,,,,,,,,
C,65,3,,,,,,,,,,,,,,,,
C,65,4,,,,,,,,,,,,,,,,
C,65,5,,,,,,,,,,,,,,,,
C,66,0,SIMBAD,219.902,-26.538,0.7,0.7,0,GlCl,,66,,5694,,,,,
C,66,1,DSC:TCO,,,,,,GC,,,,,,,,,
C,66,2,,,,,,,,,,,,,,,,
C,66,3,,,,,,,,,,,,,,,,
C,66,4,,,,,,,,,,,,,,,,
C,66,5,,,,,,,,,,,,,,,,
C,67,0,SIMBAD,41.579,-30.275,10,6.2,140,LINER,,67,,1097,,,,,
C,67,1,DSC:TCO,,,,,,GAL,,,,,,,,,
C,67,2,,,,,,,,,,,,,,,,
C,67,3,,,,,,,,,,,,,,,,
C,67,4,,,,,,,,,,,,,,,,
C,67,5,,,,,,,,,,,,,,,,
C,68,0,SIMBAD,285.443,-36.961,~,~,~,ISM,,68,,6729,,,,,
C,68,1,DSC:TCO,,,1.3,,,BN,,,,,,,,,
C,68,2,,,,,,,,,,,,,,,,
C,68,3,,,,,,,,,,,,,,,,
C,68,4,,,,,,,,,,,,,,,,
C,68,5,,,,,,,,,,,,,,,,
C,69,0,SIMBAD,258.435,-37.103,0.7,0.7,90,PN,,69,,6302,,,,,
C,69,1,DSC:TCO,,,,,,PN,,,,,,,,,
C,69,2,,,,,,,,,,,,,,,,
C,69,3,,,,,,,,,,,,,,,,
C,69,4,,,,,,,,,,,,,,,,
C,69,5,,,,,,,,,,,,,,,,
C,70,0,SIMBAD,13.723,-37.684,20.9,13.5,114,GinGroup,,70,,300,,,,,
C,70,1,DSC:TCO,,,,,,GAL,,,,,,,,,
C,70,2,,,,,,,,,,,,,,,,
C,70,3,,,,,,,,,,,,,,,,
C,70,4,,,,,,,,,,,,,,,,
C,70,5,,,,,,,,,,,,,,,,
C,71,0,SIMBAD,118.046,-38.537,18,18,0,OpCl,,71,,2477,,78,,,
C,71,1,DSC:TCO,,,,,,OC,,,,,,,,,
C,71,2,,,,,,,,,,,,,,,,
C,71,3,,,,,,,,,,,,,,,,
C,71,4,,,,,,,,,,,,,,,,
C,71,5,,,,,,,,,,,,,,,,
C,72,0,SIMBAD,3.723,-39.197,32.4,4,101,GinGroup,,72,,55,,,,,
C,72,1,DSC:TCO,,,,,,GAL,,,,,,,,,
C,72,2,,,,,,,,,,,,,,,,
C,72,3,,,,,,,,,,,,,,,,
C,72,4,,,,,,,,,,,,,,,,
C,72,5,,,,,,,,,,,,,,,,
C,73,0,SIMBAD,78.528,-40.047,1,1,0,GlCl,,73,,1851,,,,,
C,73,1,DSC:TCO,,,,,,GC,,,,,,,,,
C,73,2,,,,,,,,,,,,,,,,
C,73,3,,,,,,,,,,,,,,,,
C,73,4,,,,,,,,,,,,,,,,
C,73,5,,,,,,,,,,,,,,,,
C,74,0,SIMBAD,151.757,-40.436,0.8,0.8,90,PN,,74,,3132,,,,,
C,74,1,DSC:TCO,,,,,,PN,,,,,,,,,
C,74,2,,,,,,,,,,,,,,,,
C,74,3,,,,,,,,,,,,,,,,
C,74,4,,,,,,,,,,,,,,,,
C,74,5,,,,,,,,,,,,,,,,
C,75,0,SIMBAD,246.332,-40.661,48.1,48.1,0,OpCl,,75,,6124,,,,,
C,75,1,DSC:TCO,,,,,,OC,,,,,,,,,
C,75,2,,,,,,,,,,,,,,,,
C,75,3,,,,,,,,,,,,,,,,
C,75,4,,,,,,,,,,,,,,,,
C,75,5,,,,,,,,,,,,,,,,
C,76,0,SIMBAD,253.535,-41.827,14,14,90,OpCl,,76,,6231,,,315,,
C,76,1,DSC:TCO,,,,,,OC,,,,,,,,,
C,76,2,,,,,,,,,,,,,,,,
C,76,3,,,,,,,,,,,,,,,,
C,76,4,,,,,,,,,,,,,,,,
C,76,5,,,,,,,,,,,,,,,,
C,77,0,SIMBAD,201.365,-43.019,25.7,17.8,33,Seyfert_2,,77,,5128,,,,,
C,77,1,DSC:TCO,,,,,,GAL,,,,,,,,,
C,77,2,,,,,,,,,,,,,,,,
C,77,3,,,,,,,,,,,,,,,,
C,77,4,,,,,,,,,,,,,,,,
C,77,5,,,,,,,,,,,,,,,,
C,78,0,SIMBAD,272.01,-43.715,2.4,2.4,0,GlCl,,78,,6541,,,,,
C,78,1,DSC:TCO,,,,,,GC,,,,,,,,,
C,78,2,,,,,,,,,,,,,,,,
C,78,3,,,,,,,,,,,,,,,,
C,78,4,,,,,,,,,,,,,,,,
C,78,5,,,,,,,,,,,,,,,,
C,79,0,SIMBAD,154.403,-46.412,5.4,5.4,0,GlCl,,79,,3201,,,,,
C,79,1,DSC:TCO,,,,,,GC,,,,,,,,,
C,79,2,,,,,,,,,,,,,,,,
C,79,3,,,,,,,,,,,,,,,,
C,79,4,,,,,,,,,,,,,,,,
C,79,5,,,,,,,,,,,,,,,,
C,80,0,SIMBAD,201.697,-47.479,8.4,8.4,0,GlCl,,80,,5139,,,,,
C,80,1,DSC:TCO,,,,,,GC,,,,,,,,,
C,80,2,,,,,,,,,,,,,,,,
C,80,3,,,,,,,,,,,,,,,,
C,80,4,,,,,,,,,,,,,,,,
C,80,5,,,,,,,,,,,,,,,,
C,81,0,SIMBAD,261.371,-48.422,14.4,14.4,0,GlCl,,81,,6352,,,,,
C,81,1,DSC:TCO,,,,,,GC,,,,,,,,,
C,81,2,,,,,,,,,,,,,,,,
C,81,3,,,,,,,,,,,,,,,,
C,81,4,,,,,,,,,,,,,,,,
C,81,5,,,,,,,,,,,,,,,,
C,82,0,SIMBAD,250.319,-48.777,18.7,18.7,0,OpCl,,82,,6193,,,,,
C,82,1,DSC:TCO,,,,,,OC,,,,,,,,,
C,82,2,,,,,,,,,,,,,,,,
C,82,3,,,,,,,,,,,,,,,,
C,82,4,,,,,,,,,,,,,,,,
C,82,5,,,,,,,,,,,,,,,,
C,83,0,SIMBAD,196.364,-49.468,20.4,4.3,43,Seyfert_2,,83,,4945,,,,,
C,83,1,DSC:TCO,,,,,,GAL,,,,,,,,,
C,83,2,,,,,,,,,,,,,,,,
C,83,3,,,,,,,,,,,,,,,,
C,83,4,,,,,,,,,,,,,,,,
C,83,5,,,,,,,,,,,,,,,,
C,84,0,SIMBAD,206.612,-51.374,1.4,1.4,0,GlCl,,84,,5286,,,,,
C,84,1,DSC:TCO,,,,,,GC,,,,,,,,,
C,84,2,,,,,,,,,,,,,,,,
C,84,3,,,,,,,,,,,,,,,,
C,84,4,,,,,,,,,,,,,,,,
C,84,5,,,,,,,,,,,,,,,,
C,85,0,SIMBAD,130.292,-52.991,97.7,97.7,0,OpCl,,85,,,2391,,,,
C,85,1,DSC:TCO,,,,,,OC,,,,,,,,,
C,85,2,,,,,,,,,,,,,,,,
C,85,3,,,,,,,,,,,,,,,,
C,85,4,,,,,,,,,,,,,,,,
C,85,5,,,,,,,,,,,,,,,,
C,86,0,SIMBAD,265.175,-53.674,4.7,4.7,0,GlCl,,86,,6397,,,,,
C,86,1,DSC:TCO,,,,,,GC,,,,,,,,,
C,86,2,,,,,,,,,,,,,,,,
C,86,3,,,,,,,,,,,,,,,,
C,86,4,,,,,,,,,,,,,,,,
C,86,5,,,,,,,,,,,,,,,,
C,87,0,SIMBAD,48.068,-55.216,10.2,10.2,0,GlCl,,87,,1261,,,,,
C,87,1,DSC:TCO,,,,,,GC,,,,,,,,,
C,87,2,,,,,,,,,,,,,,,,
C,87,3,,,,,,,,,,,,,,,,
C,87,4,,,,,,,,,,,,,,,,
C,87,5,,,,,,,,,,,,,,,,
C,88,0,SIMBAD,226.365,-55.608,16.1,16.1,0,OpCl,,88,,5823,,131,,,
C,88,1,DSC:TCO,,,,,,OC,,,,,,,,,
C,88,2,,,,,,,,,,,,,,,,
C,88,3,,,,,,,,,,,,,,,,
C,88,4,,,,,,,,,,,,,,,,
C,88,5,,,,,,,,,,,,,,,,
C,89,0,SIMBAD,244.721,-57.916,29.5,29.5,0,OpCl,,89,,6087,,,,,
C,89,1,DSC:TCO,,,,,,OC,,,,,,,,,
C,89,2,,,,,,,,,,,,,,,,
C,89,3,,,,,,,,,,,,,,,,
C,89,4,,,,,,,,,,,,,,,,
C,89,5,,,,,,,,,,,,,,,,
C,90,0,SIMBAD,140.356,-58.311,0.3,0.3,90,PN,,90,,2867,,,,,
C,90,1,DSC:TCO,,,,,,PN,,,,,,,,,
C,90,2,,,,,,,,,,,,,,,,
C,90,3,,,,,,,,,,,,,,,,
C,90,4,,,,,,,,,,,,,,,,
C,90,5,,,,,,,,,,,,,,,,
C,91,0,SIMBAD,166.417,-58.707,64.3,64.3,0,OpCl,,91,,3532,,,,,
C,91,1,DSC:TCO,,,,,,OC,,,,,,,,,
C,91,2,,,,,,,,,,,,,,,,
C,91,3,,,,,,,,,,,,,,,,
C,91,4,,,,,,,,,,,,,,,,
C,91,5,,,,,,,,,,,,,,,,
C,92,0,SIMBAD,161.259,-59.7,~,~,~,HII,,92,,3372,,,,,
C,92,1,DSC:TCO,,,120,120,,BN,,,,,,,,,
C,92,2,,,,,,,,,,,,,,,,
C,92,3,,,,,,,,,,,,,,,,
C,92,4,,,,,,,,,,,,,,,,
C,92,5,,,,,,,,,,,,,,,,
C,93,0,SIMBAD,287.717,-59.985,26.4,26.4,0,GlCl,,93,,6752,,,,,
C,93,1,DSC:TCO,,,,,,GC,,,,,,,,,
C,93,2,,,,,,,,,,,,,,,,
C,93,3,,,,,,,,,,,,,,,,
C,93,4,,,,,,,,,,,,,,,,
C,93,5,,,,,,,,,,,,,,,,
C,94,0,SIMBAD,193.415,-60.371,10.3,10.3,0,OpCl,,94,,4755,,114,,,
C,94,1,DSC:TCO,,,,,,OC,,,,,,,,,
C,94,2,,,,,,,,,,,,,,,,
C,94,3,,,,,,,,,,,,,,,,
C,94,4,,,,,,,,,,,,,,,,
C,94,5,,,,,,,,,,,,,,,,
C,95,0,SIMBAD,240.779,-60.43,35,35,0,OpCl,,95,,6025,,,,,
C,95,1,DSC:TCO,,,,,,OC,,,,,,,,,
C,95,2,,,,,,,,,,,,,,,,
C,95,3,,,,,,,,,,,,,,,,
C,95,4,,,,,,,,,,,,,,,,
C,95,5,,,,,,,,,,,,,,,,
C,96,0,SIMBAD,119.527,-60.8,59.5,59.5,0,OpCl,,96,,2516,,,,,
C,96,1,DSC:TCO,,,,,,OC,,,,,,,,,
C,96,2,,,,,,,,,,,,,,,,
C,96,3,,,,,,,,,,,,,,,,
C,96,4,,,,,,,,,,,,,,,,
C,96,5,,,,,,,,,,,,,,,,
C,97,0,SIMBAD,174.061,-61.616,13.9,13.9,0,OpCl,,97,,3766,,,248,,
C,97,1,DSC:TCO,,,,,,OC,,,,,,,,,
C,97,2,,,,,,,,,,,,,,,,
C,97,3,,,,,,,,,,,,,,,,
C,97,4,,,,,,,,,,,,,,,,
C,97,5,,,,,,,,,,,,,,,,
C,98,0,SIMBAD,190.582,-62.995,13,13,90,OpCl,,98,,4609,,,,,
C,98,1,DSC:TCO,,,,,,OC,,,,,,,,,
C,98,2,,,,,,,,,,,,,,,,
C,98,3,,,,,,,,,,,,,,,,
C,98,4,,,,,,,,,,,,,,,,
C,98,5,,,,,,,,,,,,,,,,
C,99,0,SIMBAD,187.829,-63.743,~,~,~,DkNeb,,99,,,,,,,
C,99,1,DSC:TCO,,,420,300,,DN,,,,,,,,,
C,99,2,,,,,,,,,,,,,,,,
C,99,3,,,,,,,,,,,,,,,,
C,99,4,,,,,,,,,,,,,,,,
C,99,5,,,,,,,,,,,,,,,,
C,100,0,SIMBAD,174.583,-63.373,~,~,~,HII,,100,,,2944,,,,
C,100,1,DSC:TCO,,,65,40,,OC,,,,,,,,,
C,100,2,,,,,,,,,,,,,,,,
C,100,3,,,,,,,,,,,,,,,,
C,100,4,,,,,,,,,,,,,,,,
C,100,5,,,,,,,,,,,,,,,,
C,101,0,SIMBAD,287.442,-63.857,17.4,11,16,GinGroup,,101,,6744,,,,,
C,101,1,DSC:TCO,,,,,,GAL,,,,,,,,,
C,101,2,,,,,,,,,,,,,,,,
C,101,3,,,,,,,,,,,,,,,,
C,101,4,,,,,,,,,,,,,,,,
C,101,5,,,,,,,,,,,,,,,,
C,102,0,SIMBAD,160.613,-64.426,173.9,173.9,0,OpCl,,102,,,2602,102,229,,
C,102,1,DSC:TCO,,,,,,OC,,,,,,,,,
C,102,2,,,,,,,,,,,,,,,,
C,102,3,,,,,,,,,,,,,,,,
C,102,4,,,,,,,,,,,,,,,,
C,102,5,,,,,,,,,,,,,,,,
C,103,0,SIMBAD,84.675,-69.1,3.5,3.5,~,Cl*,,103,,2070,,,,,
C,103,1,DSC:TCO,,,,,,OC,,,,,,,,,
C,103,2,,,,,,,,,,,,,,,,
C,103,3,,,,,,,,,,,,,,,,
C,103,4,,,,,,,,,,,,,,,,
C,103,5,,,,,,,,,,,,,,,,
C,104,0,SIMBAD,15.809,-70.849,1.6,1.6,0,GlCl,,104,,362,,4,,,
C,104,1,DSC:TCO,,,,,,GC,,,,,,,,,
C,104,2,,,,,,,,,,,,,,,,
C,104,3,,,,,,,,,,,,,,,,
C,104,4,,,,,,,,,,,,,,,,
C,104,5,,,,,,,,,,,,,,,,
C,105,0,SIMBAD,194.891,-70.877,10.8,10.8,0,GlCl,,105,,4833,,,,,
C,105,1,DSC:TCO,,,,,,GC,,,,,,,,,
C,105,2,,,,,,,,,,,,,,,,
C,105,3,,,,,,,,,,,,,,,,
C,105,4,,,,,,,,,,,,,,,,
C,105,5,,,,,,,,,,,,,,,,
C,106,0,SIMBAD,6.022,-72.081,43.8,43.8,0,GlCl,,106,,104,,1,,,
C,106,1,DSC:TCO,,,,,,GC,,,,,,,,,
C,106,2,,,,,,,,,,,,,,,,
C,106,3,,,,,,,,,,,,,,,,
C,106,4,,,,,,,,,,,,,,,,
C,106,5,,,,,,,,,,,,,,,,
C,107,0,SIMBAD,246.451,-72.202,9,9,0,GlCl,,107,,6101,,,,,
C,107,1,DSC:TCO,,,,,,GC,,,,,,,,,
C,107,2,,,,,,,,,,,,,,,,
C,107,3,,,,,,,,,,,,,,,,
C,107,4,,,,,,,,,,,,,,,,
C,107,5,,,,,,,,,,,,,,,,
C,108,0,SIMBAD,186.439,-72.659,24,24,0,GlCl,,108,,4372,,,,,
C,108,1,DSC:TCO,,,,,,GC,,,,,,,,,
C,108,2,,,,,,,,,,,,,,,,
C,108,3,,,,,,,,,,,,,,,,
C,108,4,,,,,,,,,,,,,,,,
C,108,5,,,,,,,,,,,,,,,,
C,109,0,SIMBAD,152.337,-80.859,0.7,0.7,90,PN,,109,,3195,,,,,
C,109,1,DSC:TCO,,,,,,PN,,,,,,,,,
C,109,2,,,,,,,,,,,,,,,,
C,109,3,,,,,,,,,,,,,,,,
C,109,4,,,,,,,,,,,,,,,,
C,109,5,,,,,,,,,,,,,,,,
M,1,0,SIMBAD,83.633,22.014,7,5,~,SNR,1,,,1952,,,,,
M,1,1,SIMBAD,,,,,0,BN,,,,,,,,,
M,1,2,PSA,,,,,,,,,,,,,,Crab Nebula,
M,1,3,,,,,,,,,,,,,,,,
M,1,4,,,,,,,,,,,,,,,,
M,1,5,,,,,,,,,,,,,,,,
M,2,0,SIMBAD,323.363,-0.823,1.9,1.9,0,GlCl,2,,,7089,,,,,
M,2,1,SIMBAD,,,,,,GC,,,,,,,,,
M,2,2,AL:UOP,,,,,,,,,81,,,,,,
M,2,3,,,,,,,,,,,,,,,,
M,2,4,,,,,,,,,,,,,,,,
M,2,5,,,,,,,,,,,,,,,,
M,3,0,SIMBAD,205.548,28.377,2.2,2.2,0,GlCl,3,,,5272,,3,,,
M,3,1,SIMBAD,,,,,,GC,,,,,,,,,
M,3,2,AL:UOP,,,,,,,,,51,,,,,,
M,3,3,,,,,,,,,,,,,,,,
M,3,4,,,,,,,,,,,,,,,,
M,3,5,,,,,,,,,,,,,,,,
M,4,0,SIMBAD,245.897,-26.526,7.3,7.3,0,GlCl,4,,,6121,,,,,
M,4,1,SIMBAD,,,,,,GC,,,,,,,,,
M,4,2,AL:UOP,,,,,,,,,53,,,,,,
M,4,3,,,,,,,,,,,,,,,,
M,4,4,,,,,,,,,,,,,,,,
M,4,5,,,,,,,,,,,,,,,,
M,5,0,SIMBAD,229.638,2.081,4.2,4.2,0,GlCl,5,,,5904,,,,,
M,5,1,SIMBAD,,,,,,GC,,,,,,,,,
M,5,2,AL:UOP,,,,,,,,,52,,,,,,
M,5,3,,,,,,,,,,,,,,,,
M,5,4,,,,,,,,,,,,,,,,
M,5,5,,,,,,,,,,,,,,,,
M,6,0,SIMBAD,265.069,-32.242,20,20,90,OpCl,6,,,6405,,,,,
M,6,1,SIMBAD,,,,,,OC,,,,,,,,,
M,6,2,PSA,,,,,,,,,,,,,,Buttlerfly Nebula,
M,6,3,AL:UOP,,,,,,,,,60,,,,,,
M,6,4,,,,,,,,,,,,,,,,
M,6,5,,,,,,,,,,,,,,,,
M,7,0,SIMBAD,268.447,-34.841,100.1,100.1,0,OpCl,7,,,6475,,,,,
M,7,1,SIMBAD,,,,,,OC,,,,,,,,,
M,7,2,AL:UOP,,,,,,,,,62,,,,,,
M,7,3,,,,,,,,,,,,,,,,
M,7,4,,,,,,,,,,,,,,,,
M,7,5,,,,,,,,,,,,,,,,
M,8,0,SIMBAD,270.904,-24.387,~,~,~,HII,8,,,,,,,,
M,8,1,SIMBAD,,,,,,BN,,,,,,,,,
M,8,2,PSA,,,,,,,,,,,,,,Lagoon Nebula,
M,8,3,DSC:TMO,,,45,30,0,,,,,,,,,,
M,8,4,AL:UOP,,,,,,,,,64,,,,,,
M,8,5,,,,,,,,,,,,,,,,
M,9,0,SIMBAD,259.799,-18.516,8.7,8.7,0,GlCl,9,,,6333,,,,,
M,9,1,SIMBAD,,,,,,GC,,,,,,,,,
M,9,2,,,,,,,,,,,,,,,,
M,9,3,,,,,,,,,,,,,,,,
M,9,4,,,,,,,,,,,,,,,,
M,9,5,,,,,,,,,,,,,,,,
M,10,0,SIMBAD,254.288,-4.1,3.6,3.6,0,GlCl,10,,,6254,,,,,
M,10,1,SIMBAD,,,,,,GC,,,,,,,,,
M,10,2,AL:UOP,,,,,,,,,57,,,,,,
M,10,3,,,,,,,,,,,,,,,,
M,10,4,,,,,,,,,,,,,,,,
M,10,5,,,,,,,,,,,,,,,,
M,11,0,SIMBAD,282.766,-6.272,8.9,8.9,0,OpCl,11,,,6705,,213,391,,
M,11,1,SIMBAD,,,,,,OC,,,,,,,,,
M,11,2,PSA,,,,,,,,,,,,,,Wild Duck Cluster,
M,11,3,AL:UOP,,,,,,,,,69,,,,,,
M,11,4,,,,,,,,,,,,,,,,
M,11,5,,,,,,,,,,,,,,,,
M,12,0,SIMBAD,251.809,-1.949,4.3,4.3,0,GlCl,12,,,6218,,,,,
M,12,1,SIMBAD,,,,,,GC,,,,,,,,,
M,12,2,AL:UOP,,,,,,,,,56,,,,,,
M,12,3,,,,,,,,,,,,,,,,
M,12,4,,,,,,,,,,,,,,,,
M,12,5,,,,,,,,,,,,,,,,
M,13,0,SIMBAD,250.423,36.461,33,33,0,GlCl,13,,,6205,,,,,
M,13,1,SIMBAD,,,,,,GC,,,,,,,,,
M,13,2,PSA,,,,,,,,,,,,,,Hercules Cluster,
M,13,3,AL:UOP,,,,,,,,,54,,,,,,
M,13,4,,,,,,,,,,,,,,,,
M,13,5,,,,,,,,,,,,,,,,
M,14,0,SIMBAD,264.401,-3.246,13.5,13.5,0,GlCl,14,,,6402,,,,,
M,14,1,SIMBAD,,,,,,GC,,,,,,,,,
M,14,2,,,,,,,,,,,,,,,,
M,14,3,,,,,,,,,,,,,,,,
M,14,4,,,,,,,,,,,,,,,,
M,14,5,,,,,,,,,,,,,,,,
M,15,0,SIMBAD,322.493,12.167,22.2,22.2,0,GlCl,15,,,7078,,,,,
M,15,1,SIMBAD,,,,,,GC,,,,,,,,,
M,15,2,AL:UOP,,,,,,,,,80,,,,,,
M,15,3,,,,,,,,,,,,,,,,
M,15,4,,,,,,,,,,,,,,,,
M,15,5,,,,,,,,,,,,,,,,
M,16,0,SIMBAD,274.688,-13.792,5.1,5.1,90,OpCl,16,,,6611,4703,,,,
M,16,1,SIMBAD,,,,,,OC,,,,,,,,,
M,16,2,PSA,,,,,,,,,,,,,,Eagle Nebula,
M,16,3,,,,,,,,,,,,,,,,
M,16,4,,,,,,,,,,,,,,,,
M,16,5,,,,,,,,,,,,,,,,
M,17,0,SIMBAD,275.196,-16.172,1.6,1.6,90,OpCl,17,,,6618,,,,,
M,17,1,SIMBAD,,,,,,OC,,,,,,,,,
M,17,2,PSA,,,,,,,,,,,,,,Omega Nebula,
M,17,3,AL:UOP,,,,,,,,,65,,,,,,
M,17,4,,,,,,,,,,,,,,,,
M,17,5,,,,,,,,,,,,,,,,
M,18,0,SIMBAD,274.989,-17.089,5,5,90,OpCl,18,,,6613,,,,,
M,18,1,SIMBAD,,,,,,OC,,,,,,,,,
M,18,2,,,,,,,,,,,,,,,,
M,18,3,,,,,,,,,,,,,,,,
M,18,4,,,,,,,,,,,,,,,,
M,18,5,,,,,,,,,,,,,,,,
M,19,0,SIMBAD,255.657,-26.268,9.6,9.6,0,GlCl,19,,,6273,,,,,
M,19,1,SIMBAD,,,,,,GC,,,,,,,,,
M,19,2,,,,,,,,,,,,,,,,
M,19,3,,,,,,,,,,,,,,,,
M,19,4,,,,,,,,,,,,,,,,
M,19,5,,,,,,,,,,,,,,,,
M,20,0,SIMBAD,270.675,-22.972,28,28,90,OpCl,20,,,6514,,,360,,
M,20,1,SIMBAD,,,,,,OC,,,,,,,,,
M,20,2,PSA,,,,,,,,,,,,,,Trifid Nebula,
M,20,3,,,,,,,,,,,,,,,,
M,20,4,,,,,,,,,,,,,,,,
M,20,5,,,,,,,,,,,,,,,,
M,21,0,SIMBAD,271.036,-22.505,14,14,90,OpCl,21,,,6531,,,,,
M,21,1,SIMBAD,,,,,,OC,,,,,,,,,
M,21,2,,,,,,,,,,,,,,,,
M,21,3,,,,,,,,,,,,,,,,
M,21,4,,,,,,,,,,,,,,,,
M,21,5,,,,,,,,,,,,,,,,
M,22,0,SIMBAD,279.1,-23.905,6.5,6.5,0,GlCl,22,,,6656,,,,,
M,22,1,SIMBAD,,,,,,GC,,,,,,,,,
M,22,2,AL:UOP,,,,,,,,,67,,,,,,
M,22,3,,,,,,,,,,,,,,,,
M,22,4,,,,,,,,,,,,,,,,
M,22,5,,,,,,,,,,,,,,,,
M,23,0,SIMBAD,269.237,-18.987,35,35,0,OpCl,23,,,6494,,,,,
M,23,1,SIMBAD,,,,,,OC,,,,,,,,,
M,23,2,,,,,,,,,,,,,,,,
M,23,3,,,,,,,,,,,,,,,,
M,23,4,,,,,,,,,,,,,,,,
M,23,5,,,,,,,,,,,,,,,,
M,24,0,SIMBAD,274.2,-18.55,120,60,90,Assoc*,24,,,,4715,,,,
M,24,1,AWF,,,,,,SC,,,,,,,,,
M,24,2,,,,,,,,,,,,,,,,
M,24,3,,,,,,,,,,,,,,,,
M,24,4,,,,,,,,,,,,,,,,
M,24,5,,,,,,,,,,,,,,,,
M,25,0,SIMBAD,277.937,-19.114,31.3,31.3,0,OpCl,25,,,,4725,,,,
M,25,1,SIMBAD,,,,,,OC,,,,,,,,,
M,25,2,,,,,,,,,,,,,,,,
M,25,3,,,,,,,,,,,,,,,,
M,25,4,,,,,,,,,,,,,,,,
M,25,5,,,,,,,,,,,,,,,,
M,26,0,SIMBAD,281.317,-9.386,7.1,7.1,0,OpCl,26,,,6694,,,,,
M,26,1,SIMBAD,,,,,,OC,,,,,,,,,
M,26,2,,,,,,,,,,,,,,,,
M,26,3,,,,,,,,,,,,,,,,
M,26,4,,,,,,,,,,,,,,,,
M,26,5,,,,,,,,,,,,,,,,
M,27,0,SIMBAD,299.902,22.721,0.1,0.1,90,PN,27,,,6853,,,,,
M,27,1,PSA,,,,,,,,,,,,,,Dumbell Nebula,
M,27,2,AL:UOP,,,,,,,,,75,,,,,,
M,27,3,,,,,,,,,,,,,,,,
M,27,4,,,,,,,,,,,,,,,,
M,27,5,,,,,,,,,,,,,,,,
M,28,0,SIMBAD,276.137,-24.87,3.1,3.1,0,GlCl,28,,,6626,,,,,
M,28,1,SIMBAD,,,,,,GC,,,,,,,,,
M,28,2,,,,,,,,,,,,,,,,
M,28,3,,,,,,,,,,,,,,,,
M,28,4,,,,,,,,,,,,,,,,
M,28,5,,,,,,,,,,,,,,,,
M,29,0,SIMBAD,305.943,38.487,12.7,12.7,0,OpCl,29,,,6913,,,,,
M,29,1,SIMBAD,,,,,,OC,,,,,,,,,
M,29,2,,,,,,,,,,,,,,,,
M,29,3,,,,,,,,,,,,,,,,
M,29,4,,,,,,,,,,,,,,,,
M,29,5,,,,,,,,,,,,,,,,
M,30,0,SIMBAD,325.092,-23.18,2.3,2.3,0,GlCl,30,,,7099,,,,,
M,30,1,SIMBAD,,,,,,GC,,,,,,,,,
M,30,2,,,,,,,,,,,,,,,,
M,30,3,,,,,,,,,,,,,,,,
M,30,4,,,,,,,,,,,,,,,,
M,30,5,,,,,,,,,,,,,,,,
M,31,0,SIMBAD,10.685,41.269,199.5,70.8,35,Galaxy,31,,,224,,,,,
M,31,1,SIMBAD,,,,,,GAL,,,,,,,,,
M,31,2,PSA,,,,,,,,,,,,,,Andromeda Galaxy,
M,31,3,AL:UOP,,,,,,,,,3,,,,,,
M,31,4,,,,,,,,,,,,,,,,
M,31,5,,,,,,,,,,,,,,,,
M,32,0,SIMBAD,10.674,40.865,~,~,~,IG,32,,,221,,,,,
M,32,1,SIMBAD,,,,,,GAL,,,,,,,,,
M,32,2,NED,,,11,7,170,,,,,,,,,,
M,32,3,AL:UOP,,,,,,,,,2,,,,,,
M,32,4,,,,,,,,,,,,,,,,
M,32,5,,,,,,,,,,,,,,,,
M,33,0,SIMBAD,23.462,30.66,60.3,35.5,22,GinGroup,33,,,598,,,,,
M,33,1,SIMBAD,,,,,,GAL,,,,,,,,,
M,33,2,,,,,,,,,,,,,,,,
M,33,3,,,,,,,,,,,,,,,,
M,33,4,,,,,,,,,,,,,,,,
M,33,5,,,,,,,,,,,,,,,,
M,34,0,SIMBAD,40.531,42.722,48.4,48.4,0,OpCl,34,,,1039,,,,,
M,34,1,SIMBAD,,,,,,OC,,,,,,,,,
M,34,2,,,,,,,,,,,,,,,,
M,34,3,,,,,,,,,,,,,,,,
M,34,4,,,,,,,,,,,,,,,,
M,34,5,,,,,,,,,,,,,,,,
M,35,0,SIMBAD,92.272,24.336,38.3,38.3,0,OpCl,35,,,2168,,,,,
M,35,1,SIMBAD,,,,,,OC,,,,,,,,,
M,35,2,AL:UOP,,,,,,,,,27,,,,,,
M,35,3,,,,,,,,,,,,,,,,
M,35,4,,,,,,,,,,,,,,,,
M,35,5,,,,,,,,,,,,,,,,
M,36,0,SIMBAD,84.084,34.135,10.3,10.3,0,OpCl,36,,,1960,,,,,
M,36,1,SIMBAD,,,,,,OC,,,,,,,,,
M,36,2,AL:UOP,,,,,,,,,23,,,,,,
M,36,3,,,,,,,,,,,,,,,,
M,36,4,,,,,,,,,,,,,,,,
M,36,5,,,,,,,,,,,,,,,,
M,37,0,SIMBAD,88.074,32.545,19.3,19.3,0,OpCl,37,,,2099,,,,,
M,37,1,SIMBAD,,,,,,OC,,,,,,,,,
M,37,2,AL:UOP,,,,,,,,,26,,,,,,
M,37,3,,,,,,,,,,,,,,,,
M,37,4,,,,,,,,,,,,,,,,
M,37,5,,,,,,,,,,,,,,,,
M,38,0,SIMBAD,82.167,35.824,19.6,19.6,0,OpCl,38,,,1912,,,,,
M,38,1,SIMBAD,,,,,,OC,,,,,,,,,
M,38,2,AL:UOP,,,,,,,,,22,,,,,,
M,38,3,,,,,,,,,,,,,,,,
M,38,4,,,,,,,,,,,,,,,,
M,38,5,,,,,,,,,,,,,,,,
M,39,0,SIMBAD,322.889,48.247,120.4,120.4,0,OpCl,39,,,7092,,,,,
M,39,1,SIMBAD,,,,,,OC,,,,,,,,,
M,39,2,AL:UOP,,,,,,,,,82,,,,,,
M,39,3,,,,,,,,,,,,,,,,
M,39,4,,,,,,,,,,,,,,,,
M,39,5,,,,,,,,,,,,,,,,
M,40,0,SIMBAD,185.55,58.08,~,~,~,Unknown,40,,,,,,,,
M,40,1,AWF,,,,,,DS,,,,,,,,,
M,40,2,DSC:TMO,,,0.9,,,,,,,,,,,,
M,40,3,,,,,,,,,,,,,,,,
M,40,4,,,,,,,,,,,,,,,,
M,40,5,,,,,,,,,,,,,,,,
M,41,0,SIMBAD,101.499,-20.716,39.8,39.8,0,OpCl,41,,,2287,,,,,
M,41,1,SIMBAD,,,,,,OC,,,,,,,,,
M,41,2,AL:UOP,,,,,,,,,33,,,,,,
M,41,3,,,,,,,,,,,,,,,,
M,41,4,,,,,,,,,,,,,,,,
M,41,5,,,,,,,,,,,,,,,,
M,42,0,SIMBAD,83.822,-5.391,5.5,5.5,90,HII,42,,,1976,,,,,
M,42,1,SIMBAD,,,,,,BN,,,,,,,,,
M,42,2,PSA,,,,,,,,,,,,,,Orion Nebula,
M,42,3,DSC:TMO,,,90,60,,,,,,,,,,,
M,42,4,AL:UOP,,,,,,,,,24,,,,,,
M,42,5,,,,,,,,,,,,,,,,
M,43,0,SIMBAD,83.879,-5.27,~,~,~,HII,43,,,1982,,,,,
M,43,1,SIMBAD,,,,,,BN,,,,,,,,,
M,43,2,DSC:TMO,,,20,15,,,,,,,,,,,
M,43,3,,,,,,,,,,,,,,,,
M,43,4,,,,,,,,,,,,,,,,
M,43,5,,,,,,,,,,,,,,,,
M,44,0,SIMBAD,130.054,19.621,118.2,118.2,0,OpCl,44,,,2632,,88,,,
M,44,1,SIMBAD,,,,,,OC,,,,,,,,,
M,44,2,PSA,,,,,,,,,,,,,,Beehive Cluster,
M,44,3,AL:UOP,,,,,,,,,39,,,,,,
M,44,4,,,,,,,,,,,,,,,,
M,44,5,,,,,,,,,,,,,,,,
M,45,0,SIMBAD,56.601,24.114,1200,1200,90,OpCl,45,,,,,22,,,
M,45,1,SIMBAD,,,,,,OC,,,,,,,,,
M,45,2,PSA,,,,,,,,,,,,,,Pleiades,
M,45,3,AL:UOP,,,,,,,,,17,,,,,,
M,45,4,,,,,,,,,,,,,,,,
M,45,5,,,,,,,,,,,,,,,,
M,46,0,SIMBAD,115.445,-14.844,25.3,25.3,0,OpCl,46,,,2437,,,,,
M,46,1,SIMBAD,,,,,,OC,,,,,,,,,
M,46,2,,,,,,,,,,,,,,,,
M,46,3,,,,,,,,,,,,,,,,
M,46,4,,,,,,,,,,,,,,,,
M,46,5,,,,,,,,,,,,,,,,
M,47,0,SIMBAD,114.147,-14.489,31.1,31.1,0,OpCl,47,,,2422,,,,,
M,47,1,SIMBAD,,,,,,OC,,,,,,,,,
M,47,2,,,,,,,,,,,,,,,,
M,47,3,,,,,,,,,,,,,,,,
M,47,4,,,,,,,,,,,,,,,,
M,47,5,,,,,,,,,,,,,,,,
M,48,0,SIMBAD,123.412,-5.726,44.3,44.3,0,OpCl,48,,,2548,,,,,
M,48,1,SIMBAD,,,,,,OC,,,,,,,,,
M,48,2,AL:UOP,,,,,,,,,38,,,,,,
M,48,3,,,,,,,,,,,,,,,,
M,48,4,,,,,,,,,,,,,,,,
M,48,5,,,,,,,,,,,,,,,,
M,49,0,SIMBAD,187.445,8,11,8.9,157,Seyfert_2,49,,,4472,,,,,
M,49,1,SIMBAD,,,,,,GAL,,,,,,,,,
M,49,2,,,,,,,,,,,,,,,,
M,49,3,,,,,,,,,,,,,,,,
M,49,4,,,,,,,,,,,,,,,,
M,49,5,,,,,,,,,,,,,,,,
M,50,0,SIMBAD,105.698,-8.338,31.6,31.6,0,OpCl,50,,,2323,,,,,
M,50,1,SIMBAD,,,,,,OC,,,,,,,,,
M,50,2,AL:UOP,,,,,,,,,35,,,,,,
M,50,3,,,,,,,,,,,,,,,,
M,50,4,,,,,,,,,,,,,,,,
M,50,5,,,,,,,,,,,,,,,,
M,51,0,SIMBAD,202.47,47.195,10,7.6,163,GinPair,51,,,5194,,,,,
M,51,1,SIMBAD,,,,,,GAL,,,,,,,,,
M,51,2,PSA,,,,,,,,,,,,,,Whirlpool Galaxy,
M,51,3,,,,,,,,,,,,,,,,
M,51,4,,,,,,,,,,,,,,,,
M,51,5,,,,,,,,,,,,,,,,
M,52,0,SIMBAD,351.195,61.59,16,16,0,OpCl,52,,,7654,,,,,
M,52,1,SIMBAD,,,,,,OC,,,,,,,,,
M,52,2,,,,,,,,,,,,,,,,
M,52,3,,,,,,,,,,,,,,,,
M,52,4,,,,,,,,,,,,,,,,
M,52,5,,,,,,,,,,,,,,,,
M,53,0,SIMBAD,198.23,18.168,18,18,0,GlCl,53,,,5024,,,,,
M,53,1,SIMBAD,,,,,,GC,,,,,,,,,
M,53,2,,,,,,,,,,,,,,,,
M,53,3,,,,,,,,,,,,,,,,
M,53,4,,,,,,,,,,,,,,,,
M,53,5,,,,,,,,,,,,,,,,
M,54,0,SIMBAD,283.764,-30.48,1,1,0,GlCl,54,,,6715,,,,,
M,54,1,SIMBAD,,,,,,GC,,,,,,,,,
M,54,2,,,,,,,,,,,,,,,,
M,54,3,,,,,,,,,,,,,,,,
M,54,4,,,,,,,,,,,,,,,,
M,54,5,,,,,,,,,,,,,,,,
M,55,0,SIMBAD,294.999,-30.965,5.8,5.8,0,GlCl,55,,,6809,,,,,
M,55,1,SIMBAD,,,,,,GC,,,,,,,,,
M,55,2,,,,,,,,,,,,,,,,
M,55,3,,,,,,,,,,,,,,,,
M,55,4,,,,,,,,,,,,,,,,
M,55,5,,,,,,,,,,,,,,,,
M,56,0,SIMBAD,289.148,30.183,2.3,2.3,0,GlCl,56,,,6779,,,,,
M,56,1,SIMBAD,,,,,,GC,,,,,,,,,
M,56,2,,,,,,,,,,,,,,,,
M,56,3,,,,,,,,,,,,,,,,
M,56,4,,,,,,,,,,,,,,,,
M,56,5,,,,,,,,,,,,,,,,
M,57,0,SIMBAD,283.396,33.029,1.2,1.2,90,PN,57,,,6720,,,,,
M,57,1,PSA,,,,,,,,,,,,,,Ring Nebula,
M,57,2,AL:UOP,,,,,,,,,71,,,,,,
M,57,3,,,,,,,,,,,,,,,,
M,57,4,,,,,,,,,,,,,,,,
M,57,5,,,,,,,,,,,,,,,,
M,58,0,SIMBAD,189.432,11.818,5.6,4.4,88,Seyfert,58,,,4579,,,,,
M,58,1,SIMBAD,,,,,,GAL,,,,,,,,,
M,58,2,,,,,,,,,,,,,,,,
M,58,3,,,,,,,,,,,,,,,,
M,58,4,,,,,,,,,,,,,,,,
M,58,5,,,,,,,,,,,,,,,,
M,59,0,SIMBAD,190.509,11.647,5.5,4,164,GinGroup,59,,,4621,,,,,
M,59,1,SIMBAD,,,,,,GAL,,,,,,,,,
M,59,2,,,,,,,,,,,,,,,,
M,59,3,,,,,,,,,,,,,,,,
M,59,4,,,,,,,,,,,,,,,,
M,59,5,,,,,,,,,,,,,,,,
M,60,0,SIMBAD,190.917,11.553,7.9,6.6,104,GinPair,60,,,4649,,,,,
M,60,1,SIMBAD,,,,,,GAL,,,,,,,,,
M,60,2,,,,,,,,,,,,,,,,
M,60,3,,,,,,,,,,,,,,,,
M,60,4,,,,,,,,,,,,,,,,
M,60,5,,,,,,,,,,,,,,,,
M,61,0,SIMBAD,185.479,4.474,6.2,5.5,~,Seyfert_2,61,,,4303,,,,,
M,61,1,SIMBAD,,,,,,GAL,,,,,,,,,
M,61,2,NED,,,,,20,,,,,,,,,,
M,61,3,,,,,,,,,,,,,,,,
M,61,4,,,,,,,,,,,,,,,,
M,61,5,,,,,,,,,,,,,,,,
M,62,0,SIMBAD,255.303,-30.112,2.5,2.5,0,GlCl,62,,,6266,,,,,
M,62,1,SIMBAD,,,,,,GC,,,,,,,,,
M,62,2,AL:UOP,,,,,,,,,58,,,,,,
M,62,3,,,,,,,,,,,,,,,,
M,62,4,,,,,,,,,,,,,,,,
M,62,5,,,,,,,,,,,,,,,,
M,63,0,SIMBAD,198.955,42.029,13.2,7.9,102,LINER,63,,,5055,,,,,
M,63,1,SIMBAD,,,,,,GAL,,,,,,,,,
M,63,2,PSA,,,,,,,,,,,,,,Sunflower Galaxy,
M,63,3,,,,,,,,,,,,,,,,
M,63,4,,,,,,,,,,,,,,,,
M,63,5,,,,,,,,,,,,,,,,
M,64,0,SIMBAD,194.182,21.683,9.8,4.9,115,Seyfert,64,,,4826,,,,,
M,64,1,SIMBAD,,,,,,GAL,,,,,,,,,
M,64,2,PSA,,,,,,,,,,,,,,Black-Eye Galaxy,
M,64,3,AL:UOP,,,,,,,,,50,,,,,,
M,64,4,,,,,,,,,,,,,,,,
M,64,5,,,,,,,,,,,,,,,,
M,65,0,SIMBAD,169.733,13.092,8.3,2.1,174,GinPair,65,,,3623,,,,,
M,65,1,SIMBAD,,,,,,GAL,,,,,,,,,
M,65,2,,,,,,,,,,,,,,,,
M,65,3,,,,,,,,,,,,,,,,
M,65,4,,,,,,,,,,,,,,,,
M,65,5,,,,,,,,,,,,,,,,
M,66,0,SIMBAD,170.063,12.991,8.5,3.8,173,GinPair,66,,,3627,,,,,
M,66,1,SIMBAD,,,,,,GAL,,,,,,,,,
M,66,2,,,,,,,,,,,,,,,,
M,66,3,,,,,,,,,,,,,,,,
M,66,4,,,,,,,,,,,,,,,,
M,66,5,,,,,,,,,,,,,,,,
M,67,0,SIMBAD,132.846,11.814,25,25,0,OpCl,67,,,2682,,,,,
M,67,1,SIMBAD,,,,,,OC,,,,,,,,,
M,67,2,AL:UOP,,,,,,,,,40,,,,,,
M,67,3,,,,,,,,,,,,,,,,
M,67,4,,,,,,,,,,,,,,,,
M,67,5,,,,,,,,,,,,,,,,
M,68,0,SIMBAD,189.867,-26.744,3.1,3.1,0,GlCl,68,,,4590,,,,,
M,68,1,SIMBAD,,,,,,GC,,,,,,,,,
M,68,2,,,,,,,,,,,,,,,,
M,68,3,,,,,,,,,,,,,,,,
M,68,4,,,,,,,,,,,,,,,,
M,68,5,,,,,,,,,,,,,,,,
M,69,0,SIMBAD,277.846,-32.348,4.2,4.2,0,GlCl,69,,,6637,,,,,
M,69,1,SIMBAD,,,,,,GC,,,,,,,,,
M,69,2,,,,,,,,,,,,,,,,
M,69,3,,,,,,,,,,,,,,,,
M,69,4,,,,,,,,,,,,,,,,
M,69,5,,,,,,,,,,,,,,,,
M,70,0,SIMBAD,280.803,-32.292,1.9,1.9,0,GlCl,70,,,6681,,,,,
M,70,1,SIMBAD,,,,,,GC,,,,,,,,,
M,70,2,,,,,,,,,,,,,,,,
M,70,3,,,,,,,,,,,,,,,,
M,70,4,,,,,,,,,,,,,,,,
M,70,5,,,,,,,,,,,,,,,,
M,71,0,SIMBAD,298.444,18.779,3.3,3.3,0,GlCl,71,,,6838,,,,,
M,71,1,SIMBAD,,,,,,GC,,,,,,,,,
M,71,2,,,,,,,,,,,,,,,,
M,71,3,,,,,,,,,,,,,,,,
M,71,4,,,,,,,,,,,,,,,,
M,71,5,,,,,,,,,,,,,,,,
M,72,0,SIMBAD,313.365,-12.537,9,9,0,GlCl,72,,,6981,,,,,
M,72,1,SIMBAD,,,,,,GC,,,,,,,,,
M,72,2,,,,,,,,,,,,,,,,
M,72,3,,,,,,,,,,,,,,,,
M,72,4,,,,,,,,,,,,,,,,
M,72,5,,,,,,,,,,,,,,,,
M,73,0,SIMBAD,314.75,-12.63,~,~,~,Cl*,73,,,6994,,,426,,
M,73,1,AWF,,,,,,AST,,,,,,,,,
M,73,2,DSC:TMO,,,1.4,1.4,0,,,,,,,,,,
M,73,3,,,,,,,,,,,,,,,,
M,73,4,,,,,,,,,,,,,,,,
M,73,5,,,,,,,,,,,,,,,,
M,74,0,SIMBAD,24.174,15.784,9.3,8.7,~,Galaxy,74,,,628,,,,,
M,74,1,SIMBAD,,,,,,GAL,,,,,,,,,
M,74,2,NED,,,,,25,,,,,,,,,,
M,74,3,,,,,,,,,,,,,,,,
M,74,4,,,,,,,,,,,,,,,,
M,74,5,,,,,,,,,,,,,,,,
M,75,0,SIMBAD,301.52,-21.922,2.4,2.1,55,GlCl,75,,,6864,,,,,
M,75,1,SIMBAD,,,,,,GC,,,,,,,,,
M,75,2,,,,,,,,,,,,,,,,
M,75,3,,,,,,,,,,,,,,,,
M,75,4,,,,,,,,,,,,,,,,
M,75,5,,,,,,,,,,,,,,,,
M,76,0,SIMBAD,25.582,51.575,2.3,2.3,90,PN,76,,,651/650,,,,,
M,76,1,,,,,,,,,,,,,,,,
M,76,2,PSA,,,,,,,,,,,,,,Little Dumbell,
M,76,3,,,,,,,,,,,,,,,,
M,76,4,,,,,,,,,,,,,,,,
M,76,5,,,,,,,,,,,,,,,,
M,77,0,SIMBAD,40.67,-0.013,6.9,6,72,GinPair,77,,,1068,,,,,
M,77,1,SIMBAD,,,,,,GAL,,,,,,,,,
M,77,2,AL:UOP,,,,,,,,,12,,,,,,
M,77,3,,,,,,,,,,,,,,,,
M,77,4,,,,,,,,,,,,,,,,
M,77,5,,,,,,,,,,,,,,,,
M,78,0,SIMBAD,86.691,0.079,~,~,~,RfNeb,78,,,2068,,,,,
M,78,1,SIMBAD,,,,,,BN,,,,,,,,,
M,78,2,DSC:TMO,,,8,6,0,,,,,,,,,,
M,78,3,,,,,,,,,,,,,,,,
M,78,4,,,,,,,,,,,,,,,,
M,78,5,,,,,,,,,,,,,,,,
M,79,0,SIMBAD,81.044,-24.524,1.6,1.6,0,GlCl,79,,,1904,,,,,
M,79,1,SIMBAD,,,,,,GC,,,,,,,,,
M,79,2,,,,,,,,,,,,,,,,
M,79,3,,,,,,,,,,,,,,,,
M,79,4,,,,,,,,,,,,,,,,
M,79,5,,,,,,,,,,,,,,,,
M,80,0,SIMBAD,244.26,-22.976,1.3,1.3,0,GlCl,80,,,6093,,,,,
M,80,1,SIMBAD,,,,,,GC,,,,,,,,,
M,80,2,,,,,,,,,,,,,,,,
M,80,3,,,,,,,,,,,,,,,,
M,80,4,,,,,,,,,,,,,,,,
M,80,5,,,,,,,,,,,,,,,,
M,81,0,SIMBAD,148.888,69.065,21.4,10.2,157,Seyfert_2,81,,,3031,,,,,
M,81,1,SIMBAD,,,,,,GAL,,,,,,,,,
M,81,2,AL:UOP,,,,,,,,,41,,,,,,
M,81,3,,,,,,,,,,,,,,,,
M,81,4,,,,,,,,,,,,,,,,
M,81,5,,,,,,,,,,,,,,,,
M,82,0,SIMBAD,148.968,69.68,~,~,~,IG,82,,,3034,,,,,
M,82,1,SIMBAD,,,,,,GAL,,,,,,,,,
M,82,2,NED,,,13,6,65,,,,,,,,,,
M,82,3,AL:UOP,,,,,,,,,42,,,,,,
M,82,4,,,,,,,,,,,,,,,,
M,82,5,,,,,,,,,,,,,,,,
M,83,0,SIMBAD,204.254,-29.866,13.8,12.9,~,StarburstG,83,,,5236,,,,,
M,83,1,SIMBAD,,,,,,GAL,,,,,,,,,
M,83,2,NED,,,,,45,,,,,,,,,,
M,83,3,,,,,,,,,,,,,,,,
M,83,4,,,,,,,,,,,,,,,,
M,83,5,,,,,,,,,,,,,,,,
M,84,0,SIMBAD,186.266,12.887,6.5,5.8,133,Seyfert_2,84,,,4374,,,,,
M,84,1,SIMBAD,,,,,,GAL,,,,,,,,,
M,84,2,AL:UOP,,,,,,,,,45,,,,,,
M,84,3,,,,,,,,,,,,,,,,
M,84,4,,,,,,,,,,,,,,,,
M,84,5,,,,,,,,,,,,,,,,
M,85,0,SIMBAD,186.35,18.191,7.8,6,~,GinPair,85,,,4382,,,,,
M,85,1,SIMBAD,,,,,,GAL,,,,,,,,,
M,85,2,NED,,,,,13,,,,,,,,,,
M,85,3,,,,,,,,,,,,,,,,
M,85,4,,,,,,,,,,,,,,,,
M,85,5,,,,,,,,,,,,,,,,
M,86,0,SIMBAD,186.549,12.946,10.5,7.6,127,GinGroup,86,,,4406,,,,,
M,86,1,SIMBAD,,,,,,GAL,,,,,,,,,
M,86,2,AL:UOP,,,,,,,,,46,,,,,,
M,86,3,,,,,,,,,,,,,,,,
M,86,4,,,,,,,,,,,,,,,,
M,86,5,,,,,,,,,,,,,,,,
M,87,0,SIMBAD,187.706,12.391,9.1,7.9,~,BClG,87,,,4486,,,,,
M,87,1,SIMBAD,,,,,,GAL,,,,,,,,,
M,87,2,NED,,,,,-28,,,,,,,,,,
M,87,3,AL:UOP,,,,,,,,,47,,,,,,
M,87,4,,,,,,,,,,,,,,,,
M,87,5,,,,,,,,,,,,,,,,
M,88,0,SIMBAD,187.996,14.42,7.8,4.6,138,Seyfert_2,88,,,4501,,,,,
M,88,1,SIMBAD,,,,,,GAL,,,,,,,,,
M,88,2,,,,,,,,,,,,,,,,
M,88,3,,,,,,,,,,,,,,,,
M,88,4,,,,,,,,,,,,,,,,
M,88,5,,,,,,,,,,,,,,,,
M,89,0,SIMBAD,188.916,12.556,6.9,6.5,~,LINER,89,,,4552,,,,,
M,89,1,SIMBAD,,,,,,GAL,,,,,,,,,
M,89,2,NED,,,,,0,,,,,,,,,,
M,89,3,,,,,,,,,,,,,,,,
M,89,4,,,,,,,,,,,,,,,,
M,89,5,,,,,,,,,,,,,,,,
M,90,0,SIMBAD,189.208,13.163,9.8,4.4,23,Seyfert_2,90,,,4569,,,,,
M,90,1,SIMBAD,,,,,,GAL,,,,,,,,,
M,90,2,,,,,,,,,,,,,,,,
M,90,3,,,,,,,,,,,,,,,,
M,90,4,,,,,,,,,,,,,,,,
M,90,5,,,,,,,,,,,,,,,,
M,91,0,SIMBAD,188.86,14.496,5.4,4.5,~,LINER,91,,,4548,,,,,
M,91,1,SIMBAD,,,,,,GAL,,,,,,,,,
M,91,2,NED,,,,,150,,,,,,,,,,
M,91,3,,,,,,,,,,,,,,,,
M,91,4,,,,,,,,,,,,,,,,
M,91,5,,,,,,,,,,,,,,,,
M,92,0,SIMBAD,259.281,43.136,2.2,2.2,0,GlCl,92,,,6341,,,,,
M,92,1,SIMBAD,,,,,,GC,,,,,,,,,
M,92,2,AL:UOP,,,,,,,,,59,,,,,,
M,92,3,,,,,,,,,,,,,,,,
M,92,4,,,,,,,,,,,,,,,,
M,92,5,,,,,,,,,,,,,,,,
M,93,0,SIMBAD,116.141,-23.853,24.2,24.2,0,OpCl,93,,,2447,,,160,,
M,93,1,SIMBAD,,,,,,OC,,,,,,,,,
M,93,2,,,,,,,,,,,,,,,,
M,93,3,,,,,,,,,,,,,,,,
M,93,4,,,,,,,,,,,,,,,,
M,93,5,,,,,,,,,,,,,,,,
M,94,0,SIMBAD,192.721,41.12,11.5,10,105,Seyfert,94,,,4736,,,,,
M,94,1,SIMBAD,,,,,,GAL,,,,,,,,,
M,94,2,AL:UOP,,,,,,,,,49,,,,,,
M,94,3,,,,,,,,,,,,,,,,
M,94,4,,,,,,,,,,,,,,,,
M,94,5,,,,,,,,,,,,,,,,
M,95,0,SIMBAD,160.991,11.704,7.1,4.3,13,GinPair,95,,,3351,,,,,
M,95,1,SIMBAD,,,,,,GAL,,,,,,,,,
M,95,2,,,,,,,,,,,,,,,,
M,95,3,,,,,,,,,,,,,,,,
M,95,4,,,,,,,,,,,,,,,,
M,95,5,,,,,,,,,,,,,,,,
M,96,0,SIMBAD,161.691,11.82,7.2,4.8,5,GinPair,96,,,3368,,,,,
M,96,1,SIMBAD,,,,,,GAL,,,,,,,,,
M,96,2,,,,,,,,,,,,,,,,
M,96,3,,,,,,,,,,,,,,,,
M,96,4,,,,,,,,,,,,,,,,
M,96,5,,,,,,,,,,,,,,,,
M,97,0,SIMBAD,168.699,55.019,3.3,3.3,90,PN,97,,,3587,,,,,
M,97,1,,,,,,,,,,,,,,,,
M,97,2,,,,,,,,,,,,,,,,
M,97,3,,,,,,,,,,,,,,,,
M,97,4,,,,,,,,,,,,,,,,
M,97,5,,,,,,,,,,,,,,,,
M,98,0,SIMBAD,183.451,14.901,9.6,2.3,152,LINER,98,,,4192,,,,,
M,98,1,SIMBAD,,,,,,GAL,,,,,,,,,
M,98,2,,,,,,,,,,,,,,,,
M,98,3,,,,,,,,,,,,,,,,
M,98,4,,,,,,,,,,,,,,,,
M,98,5,,,,,,,,,,,,,,,,
M,99,0,SIMBAD,184.707,14.416,5.1,4.5,~,HII_G,99,,,4254,,,,,
M,99,1,SIMBAD,,,,,,GAL,,,,,,,,,
M,99,2,NED,,,,,24,,,,,,,,,,
M,99,3,,,,,,,,,,,,,,,,
M,99,4,,,,,,,,,,,,,,,,
M,99,5,,,,,,,,,,,,,,,,
M,100,0,SIMBAD,185.729,15.822,7.6,6.8,170,AGN,100,,,4321,,,,,
M,100,1,SIMBAD,,,,,,GAL,,,,,,,,,
M,100,2,,,,,,,,,,,,,,,,
M,100,3,,,,,,,,,,,,,,,,
M,100,4,,,,,,,,,,,,,,,,
M,100,5,,,,,,,,,,,,,,,,
M,101,0,SIMBAD,210.802,54.349,21.9,20.9,~,GinPair,101,,,5457,,,,,
M,101,1,SIMBAD,,,,,,GAL,,,,,,,,,
M,101,2,NED,,,,,29,,,,,,,,,,
M,101,3,,,,,,,,,,,,,,,,
M,101,4,,,,,,,,,,,,,,,,
M,101,5,,,,,,,,,,,,,,,,
M,102,0,SIMBAD,226.623,55.763,6.3,2.7,128,Seyfert,102,,,5866,,,,,
M,102,1,SIMBAD,,,,,,GAL,,,,,,,,,
M,102,2,,,,,,,,,,,,,,,,
M,102,3,,,,,,,,,,,,,,,,
M,102,4,,,,,,,,,,,,,,,,
M,102,5,,,,,,,,,,,,,,,,
M,103,0,SIMBAD,23.339,60.659,7.4,7.4,0,OpCl,103,,,581,,,,,
M,103,1,SIMBAD,,,,,,OC,,,,,,,,,
M,103,2,,,,,,,,,,,,,,,,
M,103,3,,,,,,,,,,,,,,,,
M,103,4,,,,,,,,,,,,,,,,
M,103,5,,,,,,,,,,,,,,,,
M,104,0,SIMBAD,189.998,-11.623,8.5,5,90,LINER,104,,,4594,,,,,
M,104,1,SIMBAD,,,,,,GAL,,,,,,,,,
M,104,2,PSA,,,,,,,,,,,,,,Sombrero Galaxy,
M,104,3,AL:UOP,,,,,,,,,48,,,,,,
M,104,4,,,,,,,,,,,,,,,,
M,104,5,,,,,,,,,,,,,,,,
M,105,0,SIMBAD,161.957,12.582,5.1,4.7,~,LINER,105,,,3379,,,,,
M,105,1,SIMBAD,,,,,,GAL,,,,,,,,,
M,105,2,NED,,,,,68,,,,,,,,,,
M,105,3,,,,,,,,,,,,,,,,
M,105,4,,,,,,,,,,,,,,,,
M,105,5,,,,,,,,,,,,,,,,
M,106,0,SIMBAD,184.74,47.304,17.8,6.9,~,Seyfert_2,106,,,4258,,,,,
M,106,1,SIMBAD,,,,,,GAL,,,,,,,,,
M,106,2,NED,,,,,150,,,,,,,,,,
M,106,3,,,,,,,,,,,,,,,,
M,106,4,,,,,,,,,,,,,,,,
M,106,5,,,,,,,,,,,,,,,,
M,107,0,SIMBAD,248.133,-13.054,5.4,5.4,0,GlCl,107,,,6171,,,,,
M,107,1,SIMBAD,,,,,,GC,,,,,,,,,
M,107,2,,,,,,,,,,,,,,,,
M,107,3,,,,,,,,,,,,,,,,
M,107,4,,,,,,,,,,,,,,,,
M,107,5,,,,,,,,,,,,,,,,
M,108,0,SIMBAD,167.879,55.674,7.8,2.7,79,StarburstG,108,,,3556,,,,,
M,108,1,SIMBAD,,,,,,GAL,,,,,,,,,
M,108,2,,,,,,,,,,,,,,,,
M,108,3,,,,,,,,,,,,,,,,
M,108,4,,,,,,,,,,,,,,,,
M,108,5,,,,,,,,,,,,,,,,
M,109,0,SIMBAD,179.4,53.375,7.2,4.8,78,GinGroup,109,,,3992,,,,,
M,109,1,SIMBAD,,,,,,GAL,,,,,,,,,
M,109,2,,,,,,,,,,,,,,,,
M,109,3,,,,,,,,,,,,,,,,
M,109,4,,,,,,,,,,,,,,,,
M,109,5,,,,,,,,,,,,,,,,
M,110,0,SIMBAD,10.092,41.685,18.6,10.5,170,GinGroup,110,,,205,,,,,
M,110,1,SIMBAD,,,,,,GAL,,,,,,,,,
M,110,2,,,,,,,,,,,,,,,,
M,110,3,,,,,,,,,,,,,,,,
M,110,4,,,,,,,,,,,,,,,,
M,110,5,,,,,,,,,,,,,,,,
U,1,0,SIMBAD,7.607,60.213,20.3,20.3,0,OpCl,,,,129,,,,,
U,1,1,SIMBAD,,,,,,OC,,,,,,,,,
U,1,2,AL:UOP,,,,,,,,,1,,,,,,
U,1,3,,,,,,,,,,,,,,,,
U,1,4,,,,,,,,,,,,,,,,
U,1,5,,,,,,,,,,,,,,,,
U,6,0,SIMBAD,27.031,71.738,73,73,0,OpCl,,,,,,,,,
U,6,1,SIMBAD,,,,,,OC,,,,,,,,,
U,6,2,AL:UOP,,,,,,,,,6,,,,,,
U,6,3,,,,,,,,,,,,,,,,
U,6,4,,,,,,,,,,,,,,,,
U,6,5,,,,,,,,,,,,,,,,
U,8,0,SIMBAD,33.856,59.522,123.6,123.6,0,OpCl,,,,,,,,,
U,8,1,SIMBAD,,,,,,OC,,,,,,,,,
U,8,2,AL:UOP,,,,,,,,,8,,,,,,
U,8,3,,,,,,,,,,,,,,,,
U,8,4,,,,,,,,,,,,,,,,
U,8,5,,,,,,,,,,,,,,,,
U,9,0,SIMBAD,34.741,57.134,16.3,16.3,0,OpCl,,,,869,,13,,,
U,9,1,SIMBAD,,,,,,OC,,,,,,,,,
U,9,2,AL:UOP,,,,,,,,,9,,,,,,
U,9,3,,,,,,,,,,,,,,,,
U,9,4,,,,,,,,,,,,,,,,
U,9,5,,,,,,,,,,,,,,,,
U,10,0,SIMBAD,35.584,57.149,15,15,0,OpCl,,,,884,,14,,,
U,10,1,SIMBAD,,,,,,OC,,,,,,,,,
U,10,2,AL:UOP,,,,,,,,,10,,,,,,
U,10,3,,,,,,,,,,,,,,,,
U,10,4,,,,,,,,,,,,,,,,
U,10,5,,,,,,,,,,,,,,,,
U,11,0,SIMBAD,39.232,55.905,38.8,38.8,0,OpCl,,,,,,,,,
U,11,1,SIMBAD,,,,,,OC,,,,,,,,,
U,11,2,AL:UOP,,,,,,,,,11,,,,,,
U,11,3,,,,,,,,,,,,,,,,
U,11,4,,,,,,,,,,,,,,,,
U,11,5,,,,,,,,,,,,,,,,
U,13,0,SIMBAD,48.004,63.218,33.1,33.1,0,OpCl,,,,,,,,,
U,13,1,SIMBAD,,,,,,OC,,,,,,,,,
U,13,2,AL:UOP,,,,,,,,,13,,,,,,
U,13,3,,,,,,,,,,,,,,,,
U,13,4,,,,,,,,,,,,,,,,
U,13,5,,,,,,,,,,,,,,,,
U,14,0,SIMBAD,49.075,60.377,90.5,90.5,0,OpCl,,,,,,,,,
U,14,1,SIMBAD,,,,,,OC,,,,,,,,,
U,14,2,AL:UOP,,,,,,,,,14,,,,,,
U,14,3,,,,,,,,,,,,,,,,
U,14,4,,,,,,,,,,,,,,,,
U,14,5,,,,,,,,,,,,,,,,
U,15,0,SIMBAD,51.617,48.975,243.2,243.2,0,OpCl,,,,,,20,,,
U,15,1,SIMBAD,,,,,,OC,,,,,,,,,
U,15,2,AL:UOP,,,,,,,,,15,,,,,,
U,15,3,,,,,,,,,,,,,,,,
U,15,4,,,,,,,,,,,,,,,,
U,15,5,,,,,,,,,,,,,,,,
U,16,0,SIMBAD,52.894,37.38,34.7,34.7,0,OpCl,,,,1342,,,,,
U,16,1,SIMBAD,,,,,,OC,,,,,,,,,
U,16,2,AL:UOP,,,,,,,,,16,,,,,,
U,16,3,,,,,,,,,,,,,,,,
U,16,4,,,,,,,,,,,,,,,,
U,16,5,,,,,,,,,,,,,,,,
U,19,0,SIMBAD,71.481,19.079,50,50,0,OpCl,,,,1647,,,,,
U,19,1,SIMBAD,,,,,,OC,,,,,,,,,
U,19,2,AL:UOP,,,,,,,,,19,,,,,,
U,19,3,,,,,,,,,,,,,,,,
U,19,4,,,,,,,,,,,,,,,,
U,19,5,,,,,,,,,,,,,,,,
U,20,0,SIMBAD,77.703,16.522,15,15,0,OpCl,,,,1807,,29,,,
U,20,1,SIMBAD,,,,,,OC,,,,,,,,,
U,20,2,AL:UOP,,,,,,,,,20,,,,,,
U,20,3,,,,,,,,,,,,,,,,
U,20,4,,,,,,,,,,,,,,,,
U,20,5,,,,,,,,,,,,,,,,
U,21,0,SIMBAD,78.139,16.696,16,16,0,OpCl,,,,1817,,,,,
U,21,1,SIMBAD,,,,,,OC,,,,,,,,,
U,21,2,AL:UOP,,,,,,,,,21,,,,,,
U,21,3,,,,,,,,,,,,,,,,
U,21,4,,,,,,,,,,,,,,,,
U,21,5,,,,,,,,,,,,,,,,
U,25,0,SIMBAD,83.787,-4.432,~,~,~,OpCl,,,,1981,,,,,
U,25,1,SIMBAD,,,,,,OC,,,,,,,,,
U,25,2,AL:UOP,,,25,25,0,,,,25,,,,,,
U,25,3,,,,,,,,,,,,,,,,
U,25,4,,,,,,,,,,,,,,,,
U,25,5,,,,,,,,,,,,,,,,
U,28,0,SIMBAD,92.125,13.951,5,5,0,OpCl,,,,2169,,,,,
U,28,1,SIMBAD,,,,,,OC,,,,,,,,,
U,28,2,AL:UOP,,,,,,,,,28,,,,,,
U,28,3,,,,,,,,,,,,,,,,
U,28,4,,,,,,,,,,,,,,,,
U,28,5,,,,,,,,,,,,,,,,
U,29,0,SIMBAD,96.888,-4.749,61.9,61.9,0,OpCl,,,,2232,,,,,
U,29,1,SIMBAD,,,,,,OC,,,,,,,,,
U,29,2,AL:UOP,,,,,,,,,29,,,,,,
U,29,3,,,,,,,,,,,,,,,,
U,29,4,,,,,,,,,,,,,,,,
U,29,5,,,,,,,,,,,,,,,,
U,31,0,SIMBAD,100.217,9.877,8.6,8.6,0,OpCl,,,,2264,,,,,
U,31,1,SIMBAD,,,,,,OC,,,,,,,,,
U,31,2,AL:UOP,,,,,,,,,31,,,,,,
U,31,3,,,,,,,,,,,,,,,,
U,31,4,,,,,,,,,,,,,,,,
U,31,5,,,,,,,,,,,,,,,,
U,32,0,SIMBAD,102.091,41.06,50,50,0,OpCl,,,,2281,,,,,
U,32,1,SIMBAD,,,,,,OC,,,,,,,,,
U,32,2,AL:UOP,,,,,,,,,32,,,,,,
U,32,3,,,,,,,,,,,,,,,,
U,32,4,,,,,,,,,,,,,,,,
U,32,5,,,,,,,,,,,,,,,,
U,34,0,SIMBAD,102.943,0.465,19.4,19.4,0,OpCl,,,,2301,,,,,
U,34,1,SIMBAD,,,,,,OC,,,,,,,,,
U,34,2,AL:UOP,,,,,,,,,34,,,,,,
U,34,3,,,,,,,,,,,,,,,,
U,34,4,,,,,,,,,,,,,,,,
U,34,5,,,,,,,,,,,,,,,,
U,37,0,SIMBAD,122.658,-12.834,22.4,22.4,0,OpCl,,,,2539,,83,,,
U,37,1,SIMBAD,,,,,,OC,,,,,,,,,
U,37,2,AL:UOP,,,,,,,,,37,,,,,,
U,37,3,,,,,,,,,,,,,,,,
U,37,4,,,,,,,,,,,,,,,,
U,37,5,,,,,,,,,,,,,,,,
U,44,0,SIMBAD,186.275,26.1,~,~,~,OpCl,,,,,,,,,
U,44,1,SIMBAD,,,,,,OC,,,,,,,,,
U,44,2,AL:UOP,,,275,275,0,,,,44,,,,,,
U,44,3,?,,,,,,,,,,,,,,Coma Star Cluster,
U,44,4,,,,,,,,,,,,,,,,
U,44,5,,,,,,,,,,,,,,,,
U,55,0,SIMBAD,251.123,23.8,0.4,0.4,120,PN,,,,6210,,,,,
U,55,1,SIMBAD,,,,,,,,,,,,,,,
U,55,2,AL:UOP,,,,,,,,,55,,,,,,
U,55,3,,,,,,,,,,,,,,,,
U,55,4,,,,,,,,,,,,,,,,
U,55,5,,,,,,,,,,,,,,,,
U,61,0,SIMBAD,266.554,5.615,60.7,60.7,0,OpCl,,,,,IC 4665,179,,,
U,61,1,SIMBAD,,,,,,OC,,,,,,,,,
U,61,2,AL:UOP,,,,,,,,,61,,,,,,
U,61,3,,,,,,,,,,,,,,,,
U,61,4,,,,,,,,,,,,,,,,
U,61,5,,,,,,,,,,,,,,,,
U,63,0,SIMBAD,270.856,-27.884,3.4,3.4,0,OpCl,,,,6520,,,,,
U,63,1,SIMBAD,,,,,,OC,,,,,,,,,
U,63,2,AL:UOP,,,,,,,,,63,,,,,,
U,63,3,,,,,,,,,,,,,,,,
U,63,4,,,,,,,,,,,,,,,,
U,63,5,,,,,,,,,,,,,,,,
U,66,0,SIMBAD,276.88,6.57,43.2,43.2,0,OpCl,,,,6633,,,,,
U,66,1,SIMBAD,,,,,,OC,,,,,,,,,
U,66,2,AL:UOP,,,,,,,,,66,,,,,,
U,66,3,,,,,,,,,,,,,,,,
U,66,4,,,,,,,,,,,,,,,,
U,66,5,,,,,,,,,,,,,,,,
U,68,0,SIMBAD,279.63,5.49,64.1,64.1,0,OpCl,,,,,IC 4756,210,,,
U,68,1,SIMBAD,,,,,,OC,,,,,,,,,
U,68,2,AL:UOP,,,,,,,,,68,,,,,,
U,68,3,,,,,,,,,,,,,,,,
U,68,4,,,,,,,,,,,,,,,,
U,68,5,,,,,,,,,,,,,,,,
U,70,0,SIMBAD,282.836,10.334,16.8,16.8,0,OpCl,,,,6709,,,,,
U,70,1,SIMBAD,,,,,,OC,,,,,,,,,
U,70,2,AL:UOP,,,,,,,,,70,,,,,,
U,70,3,,,,,,,,,,,,,,,,
U,70,4,,,,,,,,,,,,,,,,
U,70,5,,,,,,,,,,,,,,,,
U,72,0,SIMBAD,291.35,20.18,~,~,~,Cl*,,,,,,,,,
U,72,1,SIMBAD,,,,,,OC,,,,,,,,,
U,72,2,AL:UOP,,,60,60,0,,,,72,,,,,,
U,72,3,,,,,,,,,,,,,,,,
U,72,4,,,,,,,,,,,,,,,,
U,72,5,,,,,,,,,,,,,,,,
U,73,0,SIMBAD,295.992,-14.154,0.6,0.4,120,PN,,,,6818,,,,,
U,73,1,SIMBAD,,,,,,,,,,,,,,,
U,73,2,AL:UOP,,,,,,,,,73,,,,,,
U,73,3,,,,,,,,,,,,,,,,
U,73,4,,,,,,,,,,,,,,,,
U,73,5,,,,,,,,,,,,,,,,
U,74,0,SIMBAD,296.201,50.525,0.7,0.6,90,PN,,,,6826,,,,,
U,74,1,SIMBAD,,,,,,,,,,,,,,,
U,74,2,AL:UOP,,,,,,,,,74,,,,,,
U,74,3,,,,,,,,,,,,,,,,
U,74,4,,,,,,,,,,,,,,,,
U,74,5,,,,,,,,,,,,,,,,
U,76,0,SIMBAD,305.797,40.771,10.7,10.7,0,OpCl,,,,6910,,,,,
U,76,1,SIMBAD,,,,,,OC,,,,,,,,,
U,76,2,AL:UOP,,,,,,,,,76,,,,,,
U,76,3,,,,,,,,,,,,,,,,
U,76,4,,,,,,,,,,,,,,,,
U,76,5,,,,,,,,,,,,,,,,
U,77,0,SIMBAD,308.547,7.404,1.2,1.2,0,GlCl,,,,6934,,,,,
U,77,1,SIMBAD,,,,,,GC,,,,,,,,,
U,77,2,AL:UOP,,,,,,,,,77,,,,,,
U,77,3,,,,,,,,,,,,,,,,
U,77,4,,,,,,,,,,,,,,,,
U,77,5,,,,,,,,,,,,,,,,
U,78,0,SIMBAD,308.626,28.278,30,30,0,OpCl,,,,6940,,232,,,
U,78,1,SIMBAD,,,,,,OC,,,,,,,,,
U,78,2,AL:UOP,,,,,,,,,78,,,,,,
U,78,3,,,,,,,,,,,,,,,,
U,78,4,,,,,,,,,,,,,,,,
U,78,5,,,,,,,,,,,,,,,,
U,79,0,SIMBAD,316.045,-11.363,0.7,0.5,70,PN,,,,7009,,,,,
U,79,1,SIMBAD,,,,,,,,,,,,,,,
U,79,2,AL:UOP,,,,,,,,,79,,,,,,
U,79,3,,,,,,,,,,,,,,,,
U,79,4,,,,,,,,,,,,,,,,
U,79,5,,,,,,,,,,,,,,,,
U,83,0,SIMBAD,328.448,62.589,9,9,0,OpCl,,,,7160,,,,,
U,83,1,SIMBAD,,,,,,OC,,,,,,,,,
U,83,2,AL:UOP,,,,,,,,,83,,,,,,
U,83,3,,,,,,,,,,,,,,,,
U,83,4,,,,,,,,,,,,,,,,
U,83,5,,,,,,,,,,,,,,,,
U,84,0,SIMBAD,331.224,46.508,36.5,36.5,0,OpCl,,,,7209,,,,,
U,84,1,SIMBAD,,,,,,OC,,,,,,,,,
U,84,2,AL:UOP,,,,,,,,,84,,,,,,
U,84,3,,,,,,,,,,,,,,,,
U,84,4,,,,,,,,,,,,,,,,
U,84,5,,,,,,,,,,,,,,,,
U,85,0,SIMBAD,333.788,49.83,30.6,30.6,0,OpCl,,,,7243,,,,,
U,85,1,SIMBAD,,,,,,OC,,,,,,,,,
U,85,2,AL:UOP,,,,,,,,,85,,,,,,
U,85,3,,,,,,,,,,,,,,,,
U,85,4,,,,,,,,,,,,,,,,
U,85,5,,,,,,,,,,,,,,,,
U,86,0,SIMBAD,351.473,42.535,0.3,0.3,90,PN,,,,7662,,,,,
U,86,1,SIMBAD,,,,,,,,,,,,,,,
U,86,2,AL:UOP,,,,,,,,,86,,,,,,
U,86,3,,,,,,,,,,,,,,,,
U,86,4,,,,,,,,,,,,,,,,
U,86,5,,,,,,,,,,,,,,,,
U,87,0,SIMBAD,359,57,25.3,25.3,0,OpCl,,,,7789,,245,,,
U,87,1,SIMBAD,,,,,,OC,,,,,,,,,
U,87,2,AL:UOP,,,,,,,,,87,,,,,,
U,87,3,,,,,,,,,,,,,,,,
U,87,4,,,,,,,,,,,,,,,,
U,87,5,,,,,,,,,,,,,,,,